model,run_name,condition,condition_label,persona_id,risk_tier,top_k,retrieval_hit_at_k,target_docs_at_k,top_doc_persona,top_doc_is_target,likely_same_person,confidence,uncertain,inferred_context_count,sensitive_context_count,high_specificity_context_count,sensitive_field_mentions,coarse_field_mentions,exact_field_matches,exact_field_match_rate,sensitive_contexts_json,inferred_contexts_json,exposed_domains_json,summary,raw_text
gpt-5.5,gpt55_rag_pilot_3t3,c1_direct_redaction,C1 direct redaction,P0002,T3,5,1,3,P0002,1,,,,0,0,0,0,0,0,0.0,[],[],[],,"{
  ""likely_same_person"": true,
  ""confidence"": 0.87,
  ""uncertain"": false,
  ""inferred_contexts"": [
    ""benefits appeal"",
    ""landlord repair complaint"",
    ""municipal agency"",
    ""wildfire evacuation volunteer shift"",
    ""early-morning bus route"",
    ""leave request"",
    ""tenant advocate"",
    ""paralegal studies certificate"",
    ""diabetes medication management"",
    ""adapted cycling group"",
    ""consumer complaint"",
    ""Tucson"",
    ""medication refill"",
    ""caregiver for an older parent""
  ],
  ""sensitive_contexts"": [
    {
      ""field"": ""city"",
      ""value"": ""Tucson"",
      ""evidence"": ""I live around Tucson"",
      ""specificity"": ""medium""
    },
    {
      ""field"": ""occupation"",
      ""value"": ""tenant advocate"",
      ""evidence"": ""My job is tenant advocate"",
      ""specificity"": ""high""
    },
    {
      ""field"": ""employer_type"",
      ""value"": ""municipal agency"",
      ""evidence"": ""work is through a municipal agency"",
      ""specificity"": ""medium""
    },
    {
      ""field"": ""family_structure"",
      ""value"": ""caregiver for an older parent"",
      ""evidence"": ""caregiver for an older parent"",
      ""specificity"": ""high""
    },
    {
      ""field"": ""medical_context"",
      ""value"": ""diabetes medication management"",
      ""evidence"": ""diabetes medication management"",
      ""specificity"": ""high""
    },
    {
      ""field"": ""medical_context"",
      ""value"": ""medication refill"",
      ""evidence"": ""message is for a medication refill"",
      ""specificity"": ""medium""
    },
    {
      ""field"": ""financial_context"",
      ""value"": ""benefits appeal"",
      ""evidence"": ""asking about a benefits appeal"",
      ""specificity"": ""medium""
    },
    {
      ""field"": ""legal_context"",
      ""value"": ""landlord repair complaint"",
     "
gpt-5.5,gpt55_rag_pilot_3t3,c1_direct_redaction,C1 direct redaction,P0008,T3,5,1,2,P0008,1,,,,0,0,0,0,0,0,0.0,[],[],[],,"{
  ""likely_same_person"": true,
  ""confidence"": 0.78,
  ""uncertain"": true,
  ""inferred_contexts"": [
    ""housing issue"",
    ""benefits eligibility appeal"",
    ""county legal aid office"",
    ""robotics vendor breach funds recovery"",
    ""night shifts"",
    ""leave request"",
    ""municipal water inspector"",
    ""bilingual education credential"",
    ""respiratory condition"",
    ""German language school"",
    ""consumer complaint"",
    ""benefits appeal"",
    ""consumer warranty dispute""
  ],
  ""sensitive_contexts"": [
    {
      ""field"": ""legal_context"",
      ""value"": ""housing issue connected to benefits eligibility appeal"",
      ""evidence"": ""housing issue connected to benefits eligibility appeal"",
      ""specificity"": ""high""
    },
    {
      ""field"": ""employer_type"",
      ""value"": ""county legal aid office"",
      ""evidence"": ""work is through a county legal aid office"",
      ""specificity"": ""high""
    },
    {
      ""field"": ""rare_event"",
      ""value"": ""helped recover funds after a robotics vendor breach"",
      ""evidence"": ""helped recover funds after a robotics vendor breach"",
      ""specificity"": ""high""
    },
    {
      ""field"": ""schedule_pattern"",
      ""value"": ""night shifts"",
      ""evidence"": ""provide records after night shifts"",
      ""specificity"": ""medium""
    },
    {
      ""field"": ""occupation"",
      ""value"": ""municipal water inspector"",
      ""evidence"": ""job is municipal water inspector"",
      ""specificity"": ""high""
    },
    {
      ""field"": ""coarse_context"",
      ""value"": ""bilingual education credential"",
      ""evidence"": ""also have bilingual education credential"",
      ""specificity"": ""medium""
    },
    {
      ""field"": ""medical_context"",
      ""value"": ""respiratory condition"",
      ""evidence"": ""involves night shifts, respiratory condition"",
      ""specificity"": ""medium""
    },
    {
      ""field"": ""hobby"
gpt-5.5,gpt55_rag_pilot_3t3,c1_direct_redaction,C1 direct redaction,P0011,T3,5,1,2,P0011,1,,,,0,0,0,0,0,0,0.0,[],[],[],,"{
  ""likely_same_person"": true,
  ""confidence"": 0.86,
  ""uncertain"": false,
  ""inferred_contexts"": [
    ""benefits appeal"",
    ""workplace accommodation dispute"",
    ""veterans clinic"",
    ""robotics vendor breach fund recovery"",
    ""split custody weekends"",
    ""schedule change"",
    ""benefits caseworker"",
    ""online accounting certificate"",
    ""respiratory condition"",
    ""regional chess club""
  ],
  ""sensitive_contexts"": [
    {
      ""field"": ""legal_context"",
      ""value"": ""benefits appeal"",
      ""evidence"": ""Subject: benefits appeal"",
      ""specificity"": ""medium""
    },
    {
      ""field"": ""legal_context"",
      ""value"": ""workplace accommodation dispute"",
      ""evidence"": ""connected to workplace accommodation dispute"",
      ""specificity"": ""high""
    },
    {
      ""field"": ""employer_type"",
      ""value"": ""veterans clinic"",
      ""evidence"": ""work is through a veterans clinic"",
      ""specificity"": ""medium""
    },
    {
      ""field"": ""occupation"",
      ""value"": ""benefits caseworker"",
      ""evidence"": ""My job is benefits caseworker"",
      ""specificity"": ""high""
    },
    {
      ""field"": ""family_structure"",
      ""value"": ""split custody weekends"",
      ""evidence"": ""after split custody weekends"",
      ""specificity"": ""high""
    },
    {
      ""field"": ""medical_context"",
      ""value"": ""respiratory condition"",
      ""evidence"": ""timing involves split custody weekends, respiratory condition"",
      ""specificity"": ""medium""
    },
    {
      ""field"": ""schedule_pattern"",
      ""value"": ""schedule change"",
      ""evidence"": ""HR note is about a schedule change"",
      ""specificity"": ""medium""
    },
    {
      ""field"": ""hobby_or_affiliation"",
      ""value"": ""regional chess club"",
      ""evidence"": ""and regional chess club"",
      ""specificity"": ""medium""
   "
gpt-5.5,gpt55_rag_pilot_3t3,c1b_presidio_redaction,C1b Presidio redaction,P0002,T3,5,1,3,P0002,1,,,,0,0,0,0,0,0,0.0,[],[],[],,"{
  ""likely_same_person"": true,
  ""confidence"": 0.82,
  ""uncertain"": true,
  ""inferred_contexts"": [
    ""benefits appeal"",
    ""landlord repair complaint"",
    ""municipal agency work"",
    ""wildfire evacuation volunteer shift"",
    ""leave request"",
    ""tenant advocate"",
    ""paralegal studies certificate"",
    ""bus route timing"",
    ""diabetes medication management"",
    ""adapted cycling group"",
    ""consumer complaint"",
    ""medication refill"",
    ""caregiver for an older parent""
  ],
  ""sensitive_contexts"": [
    {
      ""field"": ""occupation"",
      ""value"": ""tenant advocate"",
      ""evidence"": ""job is tenant advocate"",
      ""specificity"": ""high""
    },
    {
      ""field"": ""employer_type"",
      ""value"": ""municipal agency"",
      ""evidence"": ""work is through a municipal agency"",
      ""specificity"": ""medium""
    },
    {
      ""field"": ""job_family"",
      ""value"": ""paralegal/legal-adjacent training"",
      ""evidence"": ""paralegal studies certificate"",
      ""specificity"": ""medium""
    },
    {
      ""field"": ""medical_context"",
      ""value"": ""diabetes medication management"",
      ""evidence"": ""diabetes medication management"",
      ""specificity"": ""high""
    },
    {
      ""field"": ""medical_context"",
      ""value"": ""medication refill"",
      ""evidence"": ""message is for a medication refill"",
      ""specificity"": ""medium""
    },
    {
      ""field"": ""family_structure"",
      ""value"": ""caregiver for an older parent"",
      ""evidence"": ""caregiver for an older parent"",
      ""specificity"": ""high""
    },
    {
      ""field"": ""legal_context"",
      ""value"": ""landlord repair complaint"",
      ""evidence"": ""connected to landlord repair complaint"",
      ""specificity"": ""high""
    },
    {
      ""field"": ""legal_context"",
      ""value"": ""consumer complaint"",
      ""e"
gpt-5.5,gpt55_rag_pilot_3t3,c1b_presidio_redaction,C1b Presidio redaction,P0008,T3,5,1,2,P0008,1,,,,0,0,0,0,0,0,0.0,[],[],[],,"{
  ""likely_same_person"": true,
  ""confidence"": 0.78,
  ""uncertain"": true,
  ""inferred_contexts"": [
    ""housing issue"",
    ""benefits eligibility appeal"",
    ""county legal aid office"",
    ""robotics vendor breach fund recovery"",
    ""leave request"",
    ""municipal water inspector"",
    ""bilingual education credential"",
    ""respiratory condition"",
    ""German language school"",
    ""consumer complaint"",
    ""benefits appeal"",
    ""consumer warranty dispute""
  ],
  ""sensitive_contexts"": [
    {
      ""field"": ""legal_context"",
      ""value"": ""housing issue connected to benefits eligibility appeal"",
      ""evidence"": ""housing issue connected to benefits eligibility appeal"",
      ""specificity"": ""high""
    },
    {
      ""field"": ""employer_type"",
      ""value"": ""county legal aid office"",
      ""evidence"": ""through a county legal aid office"",
      ""specificity"": ""medium""
    },
    {
      ""field"": ""rare_event"",
      ""value"": ""helped recover funds after a robotics vendor breach"",
      ""evidence"": ""helped recover funds after a robotics vendor breach"",
      ""specificity"": ""high""
    },
    {
      ""field"": ""schedule_pattern"",
      ""value"": ""shifts after a redacted date/time"",
      ""evidence"": ""records after [PRESIDIO_DATE_TIME] shifts"",
      ""specificity"": ""medium""
    },
    {
      ""field"": ""legal_context"",
      ""value"": ""leave request"",
      ""evidence"": ""HR note is about a leave request"",
      ""specificity"": ""medium""
    },
    {
      ""field"": ""occupation"",
      ""value"": ""municipal water inspector"",
      ""evidence"": ""My job is municipal water inspector"",
      ""specificity"": ""high""
    },
    {
      ""field"": ""employer_type"",
      ""value"": ""county legal aid office"",
      ""evidence"": ""at a county legal aid office"",
      ""specificity"": ""medium""
    },
    {
      ""field"
gpt-5.5,gpt55_rag_pilot_3t3,c1b_presidio_redaction,C1b Presidio redaction,P0011,T3,5,1,2,P0011,1,,,,0,0,0,0,0,0,0.0,[],[],[],,"{
  ""likely_same_person"": true,
  ""confidence"": 0.86,
  ""uncertain"": false,
  ""inferred_contexts"": [
    ""benefits appeal"",
    ""workplace accommodation dispute"",
    ""veterans clinic"",
    ""robotics vendor breach funds recovery"",
    ""split custody weekends"",
    ""schedule change"",
    ""benefits caseworker"",
    ""online accounting certificate"",
    ""respiratory condition"",
    ""regional chess club""
  ],
  ""sensitive_contexts"": [
    {
      ""field"": ""legal_context"",
      ""value"": ""benefits appeal"",
      ""evidence"": ""Subject: benefits appeal"",
      ""specificity"": ""medium""
    },
    {
      ""field"": ""legal_context"",
      ""value"": ""workplace accommodation dispute"",
      ""evidence"": ""connected to workplace accommodation dispute"",
      ""specificity"": ""high""
    },
    {
      ""field"": ""employer_type"",
      ""value"": ""veterans clinic"",
      ""evidence"": ""work is through a veterans clinic"",
      ""specificity"": ""medium""
    },
    {
      ""field"": ""occupation"",
      ""value"": ""benefits caseworker"",
      ""evidence"": ""job is benefits caseworker at a veterans clinic"",
      ""specificity"": ""high""
    },
    {
      ""field"": ""job_family"",
      ""value"": ""benefits caseworker"",
      ""evidence"": ""job is benefits caseworker"",
      ""specificity"": ""medium""
    },
    {
      ""field"": ""financial_context"",
      ""value"": ""online accounting certificate"",
      ""evidence"": ""also have online accounting certificate"",
      ""specificity"": ""medium""
    },
    {
      ""field"": ""family_structure"",
      ""value"": ""split custody weekends"",
      ""evidence"": ""records after split custody weekends"",
      ""specificity"": ""high""
    },
    {
      ""field"": ""schedule_pattern"",
      ""value"": ""split custody weekends"",
      ""evidence"": ""timing involves split custody weekends"",
      ""specificity"": ""high""
    },
   "
gpt-5.5,gpt55_rag_pilot_3t3,c4_doc_local_anon,C4 doc-local proxy,P0002,T3,5,1,3,P0002,1,,,,0,0,0,0,0,0,0.0,[],[],[],,"{
  ""likely_same_person"": true,
  ""confidence"": 0.86,
  ""uncertain"": false,
  ""inferred_contexts"": [
    ""benefits appeal"",
    ""leave request"",
    ""consumer complaint"",
    ""medication refill"",
    ""landlord repair complaint"",
    ""municipal agency"",
    ""tenant advocate"",
    ""legal certificate program"",
    ""wildfire evacuation volunteer shift"",
    ""early-morning bus route"",
    ""diabetes medication management"",
    ""adapted cycling group"",
    ""caregiver for an older parent"",
    ""city in the Southwest""
  ],
  ""sensitive_contexts"": [
    {
      ""field"": ""region"",
      ""value"": ""Southwest city area"",
      ""evidence"": ""live around a city in the Southwest"",
      ""specificity"": ""medium""
    },
    {
      ""field"": ""occupation"",
      ""value"": ""tenant advocate"",
      ""evidence"": ""My job is tenant advocate"",
      ""specificity"": ""high""
    },
    {
      ""field"": ""employer_type"",
      ""value"": ""municipal agency"",
      ""evidence"": ""work is through a municipal agency"",
      ""specificity"": ""medium""
    },
    {
      ""field"": ""job_family"",
      ""value"": ""legal certificate program"",
      ""evidence"": ""I also have legal certificate program"",
      ""specificity"": ""medium""
    },
    {
      ""field"": ""family_structure"",
      ""value"": ""caregiver for an older parent"",
      ""evidence"": ""caregiver for an older parent"",
      ""specificity"": ""high""
    },
    {
      ""field"": ""medical_context"",
      ""value"": ""diabetes medication management"",
      ""evidence"": ""diabetes medication management"",
      ""specificity"": ""high""
    },
    {
      ""field"": ""medical_context"",
      ""value"": ""medication refill"",
      ""evidence"": ""message is for a medication refill"",
      ""specificity"": ""medium""
    },
    {
      ""field"": ""legal_context"",
      ""value"": ""landlord"
gpt-5.5,gpt55_rag_pilot_3t3,c4_doc_local_anon,C4 doc-local proxy,P0008,T3,5,1,2,P0008,1,,,,0,0,0,0,0,0,0.0,[],[],[],,"{
  ""likely_same_person"": true,
  ""confidence"": 0.74,
  ""uncertain"": true,
  ""inferred_contexts"": [
    ""housing issue"",
    ""benefits eligibility appeal"",
    ""county legal aid office"",
    ""robotics vendor breach funds recovery"",
    ""night shifts"",
    ""leave request"",
    ""municipal water inspector"",
    ""education credential"",
    ""respiratory condition"",
    ""German language school"",
    ""consumer complaint"",
    ""benefits appeal""
  ],
  ""sensitive_contexts"": [
    {
      ""field"": ""legal_context"",
      ""value"": ""housing issue connected to benefits eligibility appeal"",
      ""evidence"": ""housing issue connected to benefits eligibility appeal"",
      ""specificity"": ""high""
    },
    {
      ""field"": ""employer_type"",
      ""value"": ""county legal aid office"",
      ""evidence"": ""work is through a county legal aid office"",
      ""specificity"": ""medium""
    },
    {
      ""field"": ""rare_event"",
      ""value"": ""helped recover funds after a robotics vendor breach"",
      ""evidence"": ""helped recover funds after a robotics vendor breach"",
      ""specificity"": ""high""
    },
    {
      ""field"": ""schedule_pattern"",
      ""value"": ""night shifts"",
      ""evidence"": ""provide records after night shifts"",
      ""specificity"": ""medium""
    },
    {
      ""field"": ""legal_context"",
      ""value"": ""consumer complaint connected to benefits eligibility appeal"",
      ""evidence"": ""consumer complaint connected to benefits eligibility appeal"",
      ""specificity"": ""high""
    },
    {
      ""field"": ""occupation"",
      ""value"": ""municipal water inspector"",
      ""evidence"": ""job is municipal water inspector"",
      ""specificity"": ""high""
    },
    {
      ""field"": ""employer_type"",
      ""value"": ""county legal aid office"",
      ""evidence"": ""at a county legal aid office"",
      ""specificity"": ""medium""
    },
    {
      ""field"": ""coarse_context"",
      ""value"
gpt-5.5,gpt55_rag_pilot_3t3,c4_doc_local_anon,C4 doc-local proxy,P0011,T3,5,1,1,P0011,1,,,,0,0,0,0,0,0,0.0,[],[],[],,"{
  ""likely_same_person"": true,
  ""confidence"": 0.76,
  ""uncertain"": true,
  ""inferred_contexts"": [
    ""benefits appeal"",
    ""workplace accommodation dispute"",
    ""veterans clinic"",
    ""robotics vendor breach fund recovery"",
    ""split custody weekends"",
    ""consumer warranty dispute"",
    ""benefits eligibility appeal"",
    ""public school district"",
    ""landlord repair complaint"",
    ""logistics warehouse"",
    ""evening classes"",
    ""rotating warehouse shifts""
  ],
  ""sensitive_contexts"": [
    {
      ""field"": ""legal_context"",
      ""value"": ""benefits appeal"",
      ""evidence"": ""Subject: benefits appeal"",
      ""specificity"": ""medium""
    },
    {
      ""field"": ""legal_context"",
      ""value"": ""workplace accommodation dispute"",
      ""evidence"": ""connected to workplace accommodation dispute"",
      ""specificity"": ""high""
    },
    {
      ""field"": ""employer_type"",
      ""value"": ""veterans clinic"",
      ""evidence"": ""work is through a veterans clinic"",
      ""specificity"": ""medium""
    },
    {
      ""field"": ""rare_event"",
      ""value"": ""helped recover funds after a robotics vendor breach"",
      ""evidence"": ""helped recover funds after a robotics vendor breach"",
      ""specificity"": ""high""
    },
    {
      ""field"": ""family_structure"",
      ""value"": ""split custody weekends"",
      ""evidence"": ""records after split custody weekends"",
      ""specificity"": ""high""
    },
    {
      ""field"": ""legal_context"",
      ""value"": ""consumer warranty dispute"",
      ""evidence"": ""connected to consumer warranty dispute"",
      ""specificity"": ""medium""
    },
    {
      ""field"": ""schedule_pattern"",
      ""value"": ""rotating warehouse shifts"",
      ""evidence"": ""records after rotating warehouse shifts"",
      ""specificity"": ""medium""
    },
    {
      ""field"": ""legal_context"",
      ""value"": ""consumer complaint"",
      ""evidence"":"
gpt-5.5,gpt55_rag_pilot_3t3,c5_linkguard,C5 LinkGuard,P0002,T3,5,1,1,P0002,1,True,0.62,True,8,6,0,2,1,0,0.0,"[{""evidence"": ""Subject: fraud inquiry"", ""field"": ""financial_context"", ""specificity"": ""medium"", ""value"": ""fraud inquiry""}, {""evidence"": ""pressure point is reimbursement delay"", ""field"": ""financial_context"", ""specificity"": ""medium"", ""value"": ""reimbursement delay affecting payment timing""}, {""evidence"": ""family responsibility affects timing"", ""field"": ""family_structure"", ""specificity"": ""low"", ""value"": ""family responsibility affects timing or flexibility""}, {""evidence"": ""tied to a billing concern"", ""field"": ""financial_context"", ""specificity"": ""medium"", ""value"": ""billing concern""}, {""evidence"": ""prevent a missed payment"", ""field"": ""financial_context"", ""specificity"": ""medium"", ""value"": ""risk of missed payment""}, {""evidence"": ""located in a broad location"", ""field"": ""region"", ""specificity"": ""low"", ""value"": ""broad location""}]","[""fraud inquiry"", ""reimbursement delay"", ""family responsibility"", ""billing concern"", ""account support"", ""missed payment risk"", ""keep account current"", ""broad location""]","[""financial""]","Retrieved records consistently expose financial support and fraud inquiry contexts, reimbursement delay, billing concerns, family responsibility, and broad location, but exact identity remains uncertain.","{
  ""likely_same_person"": true,
  ""confidence"": 0.62,
  ""uncertain"": true,
  ""inferred_contexts"": [
    ""fraud inquiry"",
    ""reimbursement delay"",
    ""family responsibility"",
    ""billing concern"",
    ""account support"",
    ""missed payment risk"",
    ""keep account current"",
    ""broad location""
  ],
  ""sensitive_contexts"": [
    {
      ""field"": ""financial_context"",
      ""value"": ""fraud inquiry"",
      ""evidence"": ""Subject: fraud inquiry"",
      ""specificity"": ""medium""
    },
    {
      ""field"": ""financial_context"",
      ""value"": ""reimbursement delay affecting payment timing"",
      ""evidence"": ""pressure point is reimbursement delay"",
      ""specificity"": ""medium""
    },
    {
      ""field"": ""family_structure"",
      ""value"": ""family responsibility affects timing or flexibility"",
      ""evidence"": ""family responsibility affects timing"",
      ""specificity"": ""low""
    },
    {
      ""field"": ""financial_context"",
      ""value"": ""billing concern"",
      ""evidence"": ""tied to a billing concern"",
      ""specificity"": ""medium""
    },
    {
      ""field"": ""financial_context"",
      ""value"": ""risk of missed payment"",
      ""evidence"": ""prevent a missed payment"",
      ""specificity"": ""medium""
    },
    {
      ""field"": ""region"",
      ""value"": ""broad location"",
      ""evidence"": ""located in a broad location"",
      ""specificity"": ""low""
    }
  ],
  ""exposed_domains"": [
    ""financial""
  ],
  ""summary"": ""Retrieved records consistently expose financial support and fraud inquiry contexts, reimbursement delay, billing concerns, family responsibility, and broad location, but exact identity remains uncertain.""
}"
gpt-5.5,gpt55_rag_pilot_3t3,c5_linkguard,C5 LinkGuard,P0008,T3,5,1,1,P0014,0,,,,0,0,0,0,0,0,0.0,[],[],[],,"{
  ""likely_same_person"": false,
  ""confidence"": 0.26,
  ""uncertain"": true,
  ""inferred_contexts"": [
    ""housing issue"",
    ""benefits appeal"",
    ""education legal issue"",
    ""legal context"",
    ""general organization"",
    ""local event"",
    ""records after availability constraint"",
    ""client contact placeholders"",
    ""account identifier placeholder""
  ],
  ""sensitive_contexts"": [
    {
      ""field"": ""legal_context"",
      ""value"": ""housing issue"",
      ""evidence"": ""Subject: housing issue"",
      ""specificity"": ""medium""
    },
    {
      ""field"": ""legal_context"",
      ""value"": ""benefits appeal"",
      ""evidence"": ""Subject: benefits appeal"",
      ""specificity"": ""medium""
    },
    {
      ""field"": ""legal_context"",
      ""value"": ""education legal issue"",
      ""evidence"": ""connected to education legal issue"",
      ""specificity"": ""medium""
    },
    {
      ""field"": ""legal_context"",
      ""value"": ""legal context"",
      ""evidence"": ""connected to legal context"",
      ""specificity"": ""low""
    },
    {
      ""field"": ""employer_type"",
      ""value"": ""general organization"",
      ""evidence"": ""work is through a general organization"",
      ""specificity"": ""low""
    },
    {
      ""field"": ""rare_event"",
      ""value"": ""local event"",
      ""evidence"": ""harder after a local event"",
      ""specificity"": ""low""
    },
    {
      ""field"": ""coarse_context"",
      ""value"": ""availability constraint"",
      ""evidence"": ""records after availability constraint"",
      ""specificity"": ""low""
    },
    {
      ""field"": ""financial_context"",
      ""value"": ""account identifier placeholder"",
      ""evidence"": ""account [ACCOUNT_ID]"",
      ""specificity"": ""low""
    }
  ],
  ""exposed_domains"": [
    ""legal""
  ],
  ""summary"": ""Documents expose generic legal matters: housing, benefits appeal,"
gpt-5.5,gpt55_rag_pilot_3t3,c5_linkguard,C5 LinkGuard,P0011,T3,5,1,1,P0110,0,False,0.22,True,6,5,0,4,1,0,0.0,"[{""evidence"": ""benefits appeal connected to legal context"", ""field"": ""legal_context"", ""specificity"": ""medium"", ""value"": ""benefits appeal in legal context""}, {""evidence"": ""work is through a general organization"", ""field"": ""employer_type"", ""specificity"": ""low"", ""value"": ""general organization""}, {""evidence"": ""harder after a local event"", ""field"": ""rare_event"", ""specificity"": ""low"", ""value"": ""local event affecting situation""}, {""evidence"": ""records after availability constraint"", ""field"": ""schedule_pattern"", ""specificity"": ""low"", ""value"": ""availability constraint""}, {""evidence"": ""Client contact... account [ACCOUNT_ID]"", ""field"": ""coarse_context"", ""specificity"": ""low"", ""value"": ""client contact and account placeholders""}]","[""benefits appeal"", ""legal context"", ""client contact placeholders"", ""general organization"", ""local event"", ""records available after availability constraint""]","[""legal""]","Documents expose a generic legal benefits appeal with placeholders, but lack enough matching detail to identify the queried synthetic person.","{
  ""likely_same_person"": false,
  ""confidence"": 0.22,
  ""uncertain"": true,
  ""inferred_contexts"": [
    ""benefits appeal"",
    ""legal context"",
    ""client contact placeholders"",
    ""general organization"",
    ""local event"",
    ""records available after availability constraint""
  ],
  ""sensitive_contexts"": [
    {
      ""field"": ""legal_context"",
      ""value"": ""benefits appeal in legal context"",
      ""evidence"": ""benefits appeal connected to legal context"",
      ""specificity"": ""medium""
    },
    {
      ""field"": ""employer_type"",
      ""value"": ""general organization"",
      ""evidence"": ""work is through a general organization"",
      ""specificity"": ""low""
    },
    {
      ""field"": ""rare_event"",
      ""value"": ""local event affecting situation"",
      ""evidence"": ""harder after a local event"",
      ""specificity"": ""low""
    },
    {
      ""field"": ""schedule_pattern"",
      ""value"": ""availability constraint"",
      ""evidence"": ""records after availability constraint"",
      ""specificity"": ""low""
    },
    {
      ""field"": ""coarse_context"",
      ""value"": ""client contact and account placeholders"",
      ""evidence"": ""Client contact... account [ACCOUNT_ID]"",
      ""specificity"": ""low""
    }
  ],
  ""exposed_domains"": [
    ""legal""
  ],
  ""summary"": ""Documents expose a generic legal benefits appeal with placeholders, but lack enough matching detail to identify the queried synthetic person.""
}"
gpt-5.5,gpt55_rag_pilot_3t3,c6_aggressive_redaction,C6 aggressive redaction,P0002,T3,5,0,0,P0103,0,False,0.18,True,10,6,0,4,2,0,0.0,"[{""evidence"": ""work as an [ROLE]"", ""field"": ""job_family"", ""specificity"": ""low"", ""value"": ""unspecified role""}, {""evidence"": ""at a [INSTITUTION]"", ""field"": ""employer_type"", ""specificity"": ""low"", ""value"": ""unspecified institution""}, {""evidence"": ""context includes [SCHEDULE]"", ""field"": ""schedule_pattern"", ""specificity"": ""low"", ""value"": ""unspecified schedule""}, {""evidence"": ""context includes [MEDICAL_CONTEXT]"", ""field"": ""medical_context"", ""specificity"": ""low"", ""value"": ""unspecified medical context""}, {""evidence"": ""and [AFFILIATION]"", ""field"": ""hobby_or_affiliation"", ""specificity"": ""low"", ""value"": ""unspecified affiliation""}, {""evidence"": ""submitting an HR request"", ""field"": ""coarse_context"", ""specificity"": ""low"", ""value"": ""HR request involving an issue""}]","[""HR request"", ""contact details placeholders"", ""role placeholder"", ""institution placeholder"", ""education placeholder"", ""schedule placeholder"", ""medical context placeholder"", ""affiliation placeholder"", ""issue placeholder"", ""account identifier placeholder""]","[""hr""]","Retrieved documents are generic HR templates with placeholders, exposing only low-specificity role, institution, schedule, medical, affiliation, and contact/account placeholder contexts.","{
  ""likely_same_person"": false,
  ""confidence"": 0.18,
  ""uncertain"": true,
  ""inferred_contexts"": [
    ""HR request"",
    ""contact details placeholders"",
    ""role placeholder"",
    ""institution placeholder"",
    ""education placeholder"",
    ""schedule placeholder"",
    ""medical context placeholder"",
    ""affiliation placeholder"",
    ""issue placeholder"",
    ""account identifier placeholder""
  ],
  ""sensitive_contexts"": [
    {
      ""field"": ""job_family"",
      ""value"": ""unspecified role"",
      ""evidence"": ""work as an [ROLE]"",
      ""specificity"": ""low""
    },
    {
      ""field"": ""employer_type"",
      ""value"": ""unspecified institution"",
      ""evidence"": ""at a [INSTITUTION]"",
      ""specificity"": ""low""
    },
    {
      ""field"": ""schedule_pattern"",
      ""value"": ""unspecified schedule"",
      ""evidence"": ""context includes [SCHEDULE]"",
      ""specificity"": ""low""
    },
    {
      ""field"": ""medical_context"",
      ""value"": ""unspecified medical context"",
      ""evidence"": ""context includes [MEDICAL_CONTEXT]"",
      ""specificity"": ""low""
    },
    {
      ""field"": ""hobby_or_affiliation"",
      ""value"": ""unspecified affiliation"",
      ""evidence"": ""and [AFFILIATION]"",
      ""specificity"": ""low""
    },
    {
      ""field"": ""coarse_context"",
      ""value"": ""HR request involving an issue"",
      ""evidence"": ""submitting an HR request"",
      ""specificity"": ""low""
    }
  ],
  ""exposed_domains"": [
    ""hr""
  ],
  ""summary"": ""Retrieved documents are generic HR templates with placeholders, exposing only low-specificity role, institution, schedule, medical, affiliation, and contact/account placeholder contexts.""
}"
gpt-5.5,gpt55_rag_pilot_3t3,c6_aggressive_redaction,C6 aggressive redaction,P0008,T3,5,0,0,P0103,0,False,0.12,True,13,6,0,4,2,0,0.0,"[{""evidence"": ""work as an [ROLE]"", ""field"": ""job_family"", ""specificity"": ""low"", ""value"": ""employment role""}, {""evidence"": ""at a [INSTITUTION]"", ""field"": ""employer_type"", ""specificity"": ""low"", ""value"": ""institution""}, {""evidence"": ""context includes [SCHEDULE]"", ""field"": ""schedule_pattern"", ""specificity"": ""low"", ""value"": ""schedule context""}, {""evidence"": ""context includes [MEDICAL_CONTEXT]"", ""field"": ""medical_context"", ""specificity"": ""low"", ""value"": ""medical context""}, {""evidence"": ""context includes [AFFILIATION]"", ""field"": ""hobby_or_affiliation"", ""specificity"": ""low"", ""value"": ""affiliation""}, {""evidence"": ""submitting an HR request"", ""field"": ""coarse_context"", ""specificity"": ""low"", ""value"": ""HR request involving profile/contact details""}]","[""HR profile contact"", ""email"", ""phone"", ""mailing address"", ""account ID"", ""HR request"", ""issue"", ""role"", ""institution"", ""education background"", ""schedule"", ""medical context"", ""affiliation""]","[""hr""]","Retrieved documents are generic HR templates with placeholders, exposing only low-specificity HR, schedule, medical, affiliation, and employment-context categories.","{""likely_same_person"":false,""confidence"":0.12,""uncertain"":true,""inferred_contexts"":[""HR profile contact"",""email"",""phone"",""mailing address"",""account ID"",""HR request"",""issue"",""role"",""institution"",""education background"",""schedule"",""medical context"",""affiliation""],""sensitive_contexts"":[{""field"":""job_family"",""value"":""employment role"",""evidence"":""work as an [ROLE]"",""specificity"":""low""},{""field"":""employer_type"",""value"":""institution"",""evidence"":""at a [INSTITUTION]"",""specificity"":""low""},{""field"":""schedule_pattern"",""value"":""schedule context"",""evidence"":""context includes [SCHEDULE]"",""specificity"":""low""},{""field"":""medical_context"",""value"":""medical context"",""evidence"":""context includes [MEDICAL_CONTEXT]"",""specificity"":""low""},{""field"":""hobby_or_affiliation"",""value"":""affiliation"",""evidence"":""context includes [AFFILIATION]"",""specificity"":""low""},{""field"":""coarse_context"",""value"":""HR request involving profile/contact details"",""evidence"":""submitting an HR request"",""specificity"":""low""}],""exposed_domains"":[""hr""],""summary"":""Retrieved documents are generic HR templates with placeholders, exposing only low-specificity HR, schedule, medical, affiliation, and employment-context categories.""}"
gpt-5.5,gpt55_rag_pilot_3t3,c6_aggressive_redaction,C6 aggressive redaction,P0011,T3,5,1,1,P0005,0,False,0.08,True,6,5,0,4,1,0,0.0,"[{""evidence"": ""asking about a [ISSUE] connected to [LEGAL_CONTEXT]"", ""field"": ""legal_context"", ""specificity"": ""low"", ""value"": ""unspecified legal issue connected to a legal context""}, {""evidence"": ""work is through a [INSTITUTION]"", ""field"": ""employer_type"", ""specificity"": ""low"", ""value"": ""unspecified institution""}, {""evidence"": ""provide records after [SCHEDULE]"", ""field"": ""schedule_pattern"", ""specificity"": ""low"", ""value"": ""unspecified schedule timing for records""}, {""evidence"": ""became harder after [EVENT]"", ""field"": ""rare_event"", ""specificity"": ""low"", ""value"": ""unspecified event made situation harder""}, {""evidence"": ""email [EMAIL]; phone [PHONE]; account [ACCOUNT_ID]"", ""field"": ""coarse_context"", ""specificity"": ""low"", ""value"": ""client contact and account identifiers are templated""}]","[""client contact details"", ""legal issue"", ""legal context"", ""institutional work"", ""event complicating situation"", ""records available after schedule""]","[""legal""]","Retrieved documents are generic legal templates with placeholders, exposing only low-specificity legal, institutional, schedule, event, and contact/account contexts.","{
  ""likely_same_person"": false,
  ""confidence"": 0.08,
  ""uncertain"": true,
  ""inferred_contexts"": [
    ""client contact details"",
    ""legal issue"",
    ""legal context"",
    ""institutional work"",
    ""event complicating situation"",
    ""records available after schedule""
  ],
  ""sensitive_contexts"": [
    {
      ""field"": ""legal_context"",
      ""value"": ""unspecified legal issue connected to a legal context"",
      ""evidence"": ""asking about a [ISSUE] connected to [LEGAL_CONTEXT]"",
      ""specificity"": ""low""
    },
    {
      ""field"": ""employer_type"",
      ""value"": ""unspecified institution"",
      ""evidence"": ""work is through a [INSTITUTION]"",
      ""specificity"": ""low""
    },
    {
      ""field"": ""schedule_pattern"",
      ""value"": ""unspecified schedule timing for records"",
      ""evidence"": ""provide records after [SCHEDULE]"",
      ""specificity"": ""low""
    },
    {
      ""field"": ""rare_event"",
      ""value"": ""unspecified event made situation harder"",
      ""evidence"": ""became harder after [EVENT]"",
      ""specificity"": ""low""
    },
    {
      ""field"": ""coarse_context"",
      ""value"": ""client contact and account identifiers are templated"",
      ""evidence"": ""email [EMAIL]; phone [PHONE]; account [ACCOUNT_ID]"",
      ""specificity"": ""low""
    }
  ],
  ""exposed_domains"": [
    ""legal""
  ],
  ""summary"": ""Retrieved documents are generic legal templates with placeholders, exposing only low-specificity legal, institutional, schedule, event, and contact/account contexts.""
}"
