task,condition,persona_id,cache_key,cached,input_chars,max_output_tokens,reasoning_effort,note
doc_local_anonymize,c4_openai_doc_local_gpt55_24p,P0001,ec41bc85cfc13e33f5caf26b88a87fa841c767d119c2c2b1c03257143f636bca,True,856,550,none,
doc_local_anonymize,c4_openai_doc_local_gpt55_24p,P0001,97660953876d790b586aaf209ba9d55404e10ac8feb3c67e29ddaf9972751bec,True,822,550,none,
doc_local_anonymize,c4_openai_doc_local_gpt55_24p,P0001,1688001d923f4bb5cb77378b53f1250d576d2d9d1b54bb0078d73e2252f52d74,True,808,550,none,
doc_local_anonymize,c4_openai_doc_local_gpt55_24p,P0001,e91f6e826c67264091b32e672148fa05858bcd284d683c0dcf13750707834086,True,843,550,none,
doc_local_anonymize,c4_openai_doc_local_gpt55_24p,P0002,e0bd80b3ee8cd9c70777f2d31e17c86702b599fcfed7e462c736bfcb653d4987,True,805,550,none,
doc_local_anonymize,c4_openai_doc_local_gpt55_24p,P0002,213c8c452cc9d67991a051497c85b61dd0f5b7a430955d5ebafd8787e761dcd8,True,823,550,none,
doc_local_anonymize,c4_openai_doc_local_gpt55_24p,P0002,6c84c0447750aa9e79c6e6b189ebe33a1529eb063c6d5cc8ebfc262535252c79,True,778,550,none,
doc_local_anonymize,c4_openai_doc_local_gpt55_24p,P0002,313c707c6dfe4550b3f0ed2d0e1db7a2b5924f68084c34c116cd86684d0b5b90,True,810,550,none,
doc_local_anonymize,c4_openai_doc_local_gpt55_24p,P0004,2c60e01464bc3cb0c6a4b4f4854fd5144ba25748c4079a95ec1e1968cb12f3f5,True,856,550,none,
doc_local_anonymize,c4_openai_doc_local_gpt55_24p,P0004,23505e133a1713dd93a358859b9d088ae54ebf7ba53669f8012cf5ffed55b0d6,True,815,550,none,
doc_local_anonymize,c4_openai_doc_local_gpt55_24p,P0004,23570a2f03ff816571298f446240b3b42493670a7ba88c8c80af3b03657620d4,True,813,550,none,
doc_local_anonymize,c4_openai_doc_local_gpt55_24p,P0004,618ffcb2a97bbe36e15ff05ff7bb7fda8d9b99d5b6ae0d9b7187a6672b4b46ce,True,835,550,none,
doc_local_anonymize,c4_openai_doc_local_gpt55_24p,P0005,b4c4df9fb2ecdd7d3b32a8bb397a9299cdeb922d4d3a69cc01fefa972c2f7e60,True,807,550,none,
doc_local_anonymize,c4_openai_doc_local_gpt55_24p,P0005,7b946b6c0b17a7f6ec97bc6cecdee71620a2205df2f8d6c7d93bf48d791c8841,True,821,550,none,
doc_local_anonymize,c4_openai_doc_local_gpt55_24p,P0005,b4413c116d59c4e9da3c7756ab5982fbeb3e5967701aa2ea24c7866bfebf0c8b,True,769,550,none,
doc_local_anonymize,c4_openai_doc_local_gpt55_24p,P0005,8c42379acb5b4ee06a8c81b01be1bfd3400665782592d9e9fe46cec76abdd513,True,805,550,none,
doc_local_anonymize,c4_openai_doc_local_gpt55_24p,P0007,6f8dd89171f41ab67f429336ae6b695a164ebe177e6714dc6f8b5ec2104f1673,True,862,550,none,
doc_local_anonymize,c4_openai_doc_local_gpt55_24p,P0007,47b3227eda71f4dc4afcfb39d10377a476a8c916ca4b17b26e7e4e34fc5752e5,True,850,550,none,
doc_local_anonymize,c4_openai_doc_local_gpt55_24p,P0007,8efd785e07abc4e6ca1d80894fbbd39a4d3ec29f2ed995a90d247874783681ce,True,832,550,none,
doc_local_anonymize,c4_openai_doc_local_gpt55_24p,P0007,45a7b12241fade5a0bb0469bebbb8310f832f5e93922181dc4c8fde10f53f3c5,True,860,550,none,
doc_local_anonymize,c4_openai_doc_local_gpt55_24p,P0008,688b6fdf712db37c0663fd13bdfc9a6cd20366a052281dfd1e932d05aa58d6a2,True,798,550,none,
doc_local_anonymize,c4_openai_doc_local_gpt55_24p,P0008,c1cae9e32875299a5fad97fcc1b769f5135de2c0021c215d5c1441c094c0379a,True,822,550,none,
doc_local_anonymize,c4_openai_doc_local_gpt55_24p,P0008,20f6643d662f64663690c98361ba572daf2c4c89cec32c904cf785d611344f21,True,792,550,none,
doc_local_anonymize,c4_openai_doc_local_gpt55_24p,P0008,e1067d782ad3a46c2c3c950cbd9ba19c16f56202ddc4007a0559adea0d44aadb,True,812,550,none,
doc_local_anonymize,c4_openai_doc_local_gpt55_24p,P0010,f6dbc8f08ca223c846947775b00f6c459accb4654ad80454c924e2291b3d6845,True,846,550,none,
doc_local_anonymize,c4_openai_doc_local_gpt55_24p,P0010,9fab662932b693db3e0216e269c2f0514d9a9977e9dc137486dcc9b8035a2f38,True,836,550,none,
doc_local_anonymize,c4_openai_doc_local_gpt55_24p,P0010,f81702362be6d3142e0fe17f3a2bcd77638fbc9d782508abcc5ee53bb79ddce8,True,809,550,none,
doc_local_anonymize,c4_openai_doc_local_gpt55_24p,P0010,ab655f97b7ba8ed9df9b25211eaf005aab24313b0777f0e9a6332b2759c73812,True,852,550,none,
doc_local_anonymize,c4_openai_doc_local_gpt55_24p,P0011,118df3a1187fabf5491cc23af110c3a4d6841e784ef8903f8c71b0bdbf8691f6,True,803,550,none,
doc_local_anonymize,c4_openai_doc_local_gpt55_24p,P0011,85b3f4eae224583ca840d7f7e0274e4a73ba581056c8425ca16e2cf55b49a967,True,836,550,none,
doc_local_anonymize,c4_openai_doc_local_gpt55_24p,P0011,d2acf026ed3777418843852d15cbf38be7f96ad1f45d6f37c01d1363b3333c94,True,790,550,none,
doc_local_anonymize,c4_openai_doc_local_gpt55_24p,P0011,3fe2767a8496127a762c2773b7fd6a09987b2d472d085323caf24e73898d3a3b,True,812,550,none,
doc_local_anonymize,c4_openai_doc_local_gpt55_24p,P0013,f108650a6e1fa70711a503c2bab3af4dca0e9a95d1ce65036b15e23c018a82f2,True,848,550,none,
doc_local_anonymize,c4_openai_doc_local_gpt55_24p,P0013,1e0ba14a527750127d52013987989f4dc17044f8c8528c52460c83240d94ec47,True,828,550,none,
doc_local_anonymize,c4_openai_doc_local_gpt55_24p,P0013,dc9201dfa8d71c45f9baf85b2d1d55499d767265e0e661360a53e7642b5acbef,True,813,550,none,
doc_local_anonymize,c4_openai_doc_local_gpt55_24p,P0013,deb91a348dd4acb08d6719ab0c7b357920fbc0631643d5ffe2ba287b3cfdfcf7,True,847,550,none,
doc_local_anonymize,c4_openai_doc_local_gpt55_24p,P0014,265039c17f4be0266bbf52cac82981c4cc44e38ee438edb1463ae21aae387282,True,813,550,none,
doc_local_anonymize,c4_openai_doc_local_gpt55_24p,P0014,d68f2f22435318d565b973c85f8153ab7f689371173b86b68ec4e3190222433c,True,804,550,none,
doc_local_anonymize,c4_openai_doc_local_gpt55_24p,P0014,f870e5ea3a34ec2e29166d462bdc4e6cc8a0e12b86d0ad1d79affd584c3d6ec5,True,783,550,none,
doc_local_anonymize,c4_openai_doc_local_gpt55_24p,P0014,e6edb3f6e6bbb73c6bc362f02c509cbb34edc8515e8a7ef2fe9b578ae04424ee,True,818,550,none,
doc_local_anonymize,c4_openai_doc_local_gpt55_24p,P0016,1b35188810df29462773ad08fc514dcf41ba37c388fe7279b95fb824747362a8,True,859,550,none,
doc_local_anonymize,c4_openai_doc_local_gpt55_24p,P0016,9c541f5ac56644b69189aeef8c3214d10fa9d1bdfbc87437d26a8b5efc9ddd13,True,842,550,none,
doc_local_anonymize,c4_openai_doc_local_gpt55_24p,P0016,300050d583d234d88d8a1490e5585d5fccf26d746e581627e79184fe7445d61e,True,816,550,none,
doc_local_anonymize,c4_openai_doc_local_gpt55_24p,P0016,6cd91ca8a93e07e67b83e09c38519c95f458c15b672cf8b05eecfd5d0b21e03f,True,844,550,none,
doc_local_anonymize,c4_openai_doc_local_gpt55_24p,P0017,6a542e1f523b320fd4d802ac3671611b0e24e8ab739d4958636283b89127f1da,True,835,550,none,
doc_local_anonymize,c4_openai_doc_local_gpt55_24p,P0017,64f73c427cc5a7b9b190ce7379b7acb84920912112282d9b6f746daa6da09164,True,838,550,none,
doc_local_anonymize,c4_openai_doc_local_gpt55_24p,P0017,56dbf46e07c1fab6a02da1251e5147ffc8d56cf4df896de21fc66a9f0a1569e2,True,800,550,none,
doc_local_anonymize,c4_openai_doc_local_gpt55_24p,P0017,f14fbe8096f6ff0828a1e66af5b04ad077dee75c612c19460f8e980166375289,True,823,550,none,
doc_local_anonymize,c4_openai_doc_local_gpt55_24p,P0019,5b62915ef3eaffbcbd258f066a57135ee2797a0b804d9a67f1dfd5f59a5366bf,True,840,550,none,
doc_local_anonymize,c4_openai_doc_local_gpt55_24p,P0019,61d26269afaa9979e746810d3c53c55eb32dfb88bc5baf6864fb75abd0dcbd4f,True,809,550,none,
doc_local_anonymize,c4_openai_doc_local_gpt55_24p,P0019,2f36da06593e3c399964aad56b5710ba6b747ed01e6193c304ce49d6e372addc,True,810,550,none,
doc_local_anonymize,c4_openai_doc_local_gpt55_24p,P0019,d450de893c996c6c0209375c0a7459b5bec849d0c5d974097709dc55db7f035f,True,829,550,none,
doc_local_anonymize,c4_openai_doc_local_gpt55_24p,P0020,6f35f645bf6e563058c270aa484feb172d9b786d61e35f95e20e0e74179514ca,True,797,550,none,
doc_local_anonymize,c4_openai_doc_local_gpt55_24p,P0020,c10a9de94c0f6a7cdc16fcdfc8431298625da48ff3e6c2908acb92b4bd222432,True,825,550,none,
doc_local_anonymize,c4_openai_doc_local_gpt55_24p,P0020,5266b98f16ea2b5007ca0c2631b660e7a32cd1880b0b96ed81b4dbb83a05454b,True,771,550,none,
doc_local_anonymize,c4_openai_doc_local_gpt55_24p,P0020,2d8a550340e53e79df0c4d0e7422163450af69dc53e52680e43c442eb15eb79a,True,820,550,none,
doc_local_anonymize,c4_openai_doc_local_gpt55_24p,P0022,8c2944f3c5888faf16c0dafc3a08c2c7826f79531123eeab1c368bec448e2dcf,True,843,550,none,
doc_local_anonymize,c4_openai_doc_local_gpt55_24p,P0022,cad7fdf7cf33c3818fd1e6873d4156daf2d0468a5487e4629448f1643cc3caa1,True,835,550,none,
doc_local_anonymize,c4_openai_doc_local_gpt55_24p,P0022,bb84cd7ba1fadad28e9fdab62aced9311557ebbed39d7b4e1695c4412c1583ad,True,800,550,none,
doc_local_anonymize,c4_openai_doc_local_gpt55_24p,P0022,8d9f93e00291add2a5706e5b6a36d50d45f07b1dee0e21075ac6960097c8b83e,True,863,550,none,
doc_local_anonymize,c4_openai_doc_local_gpt55_24p,P0023,3d7b0674cdf68ecad2946bb5a5df19ef3d06a1df53cab8db2df25e518163a9cd,True,804,550,none,
doc_local_anonymize,c4_openai_doc_local_gpt55_24p,P0023,b66f655e7944ad80c6f89ccc52d1b10246a5e44b4de0fcebb517cef3e211a544,True,831,550,none,
doc_local_anonymize,c4_openai_doc_local_gpt55_24p,P0023,f2f18c2526915467a1397e2ed90d2c7bb47b64deec52d5e18e776ca5d9b8b005,True,800,550,none,
doc_local_anonymize,c4_openai_doc_local_gpt55_24p,P0023,041182c90ce5a42400bd17ccc6122eb9707451468d79a400c8bd7afa0b95b123,True,803,550,none,
doc_local_anonymize,c4_openai_doc_local_gpt55_24p,P0025,08a14d089e0404e591c0151946138092d47446324341c54246a91240980da992,True,841,550,none,
doc_local_anonymize,c4_openai_doc_local_gpt55_24p,P0025,7ece45296c8978317ab813928ca009cb047b20c40744fa4335ec19c34c4d4263,True,812,550,none,
doc_local_anonymize,c4_openai_doc_local_gpt55_24p,P0025,bbd04e811d20510b41212a4228f42ec682147b428a1826fadb8e647d64163a31,True,813,550,none,
doc_local_anonymize,c4_openai_doc_local_gpt55_24p,P0025,554a1dcc0a0f30793deced5be4cde3c0b858e3041b08e6919e6dbeeafab3ee40,True,825,550,none,
doc_local_anonymize,c4_openai_doc_local_gpt55_24p,P0026,115bd389c05f82e976b8a5f39b0be183d93780424bfdbb9059e73760225602ae,True,792,550,none,
doc_local_anonymize,c4_openai_doc_local_gpt55_24p,P0026,ac8fd025921f95983946de4b290c7c7e660ec5c17d8d779581749bbd6ffcb08c,True,816,550,none,
doc_local_anonymize,c4_openai_doc_local_gpt55_24p,P0026,1b59d8a29f3b577db33f960f001481b1920da53bfb73ca759a74f5d75a6e5bc4,True,778,550,none,
doc_local_anonymize,c4_openai_doc_local_gpt55_24p,P0026,efd8e4395dc80db7b087f3e940fc1eee46533e1f44b78a47d094db1e8a76f60c,True,802,550,none,
doc_local_anonymize,c4_openai_doc_local_gpt55_24p,P0028,f381bc9b2774ecb8853bf748d9291925534bf6e5651730ddf020a0b91b743f95,True,852,550,none,
doc_local_anonymize,c4_openai_doc_local_gpt55_24p,P0028,8332ab83ec46b651a6d71192f6fc4a9eaa1232c824f7b2979337ec9d5a46a357,True,815,550,none,
doc_local_anonymize,c4_openai_doc_local_gpt55_24p,P0028,9a4cae0309597b849cbced2fd3c932b2c262f90dd40cb1e3d105bd143d972190,True,812,550,none,
doc_local_anonymize,c4_openai_doc_local_gpt55_24p,P0028,845a8352e232bc1faac9a06313415ab4b621be4147afa57a587aeeab25c2e73c,True,832,550,none,
doc_local_anonymize,c4_openai_doc_local_gpt55_24p,P0029,865593b1e442db543cdb94c58ec23c37bf93fb328fcd8528bde474f9631f39a7,True,822,550,none,
doc_local_anonymize,c4_openai_doc_local_gpt55_24p,P0029,a642b4ceecc11d1bb45a8738735a176000a31671ec579a25edca9cb9146757a1,True,836,550,none,
doc_local_anonymize,c4_openai_doc_local_gpt55_24p,P0029,9ce3c5f1ff1efd4f9fc5dcf24a3bc388b9b50abf19cff23a4761a8d79918113b,True,791,550,none,
doc_local_anonymize,c4_openai_doc_local_gpt55_24p,P0029,c984cfc174993edeb39a0385b8493f50f6523b0de651abe00c432ed2bc3258fa,True,848,550,none,
doc_local_anonymize,c4_openai_doc_local_gpt55_24p,P0031,be47072fc46f86f5f6a28946433fbe5e27548fa036f11279f7617dc7101c5cc1,True,848,550,none,
doc_local_anonymize,c4_openai_doc_local_gpt55_24p,P0031,08badcecb481a42055173b97579d751b04af513fec63c55fed30a1031cec1d62,True,832,550,none,
doc_local_anonymize,c4_openai_doc_local_gpt55_24p,P0031,a1676b93e517e9fd18bc20d4c66c169f9a586731202c546814171f6f70ead8eb,True,802,550,none,
doc_local_anonymize,c4_openai_doc_local_gpt55_24p,P0031,56b97d68e8694bbbf21009a47aa3b1ce3a48caa186eb372fd2e6a018cc35e773,True,839,550,none,
doc_local_anonymize,c4_openai_doc_local_gpt55_24p,P0032,7ae83a9a46a0bb202d0f5fe781b442a598a75702b2e703e5f17f3d2039ee3656,True,820,550,none,
doc_local_anonymize,c4_openai_doc_local_gpt55_24p,P0032,283a9b0d98bb39e18589d1548cc5768c1c239a2216c315a91ec0ab998b1c8c90,True,851,550,none,
doc_local_anonymize,c4_openai_doc_local_gpt55_24p,P0032,fe2bd88878449a80222a71a2c203ec1f148bb795aea0925304265cb07f2ac783,True,784,550,none,
doc_local_anonymize,c4_openai_doc_local_gpt55_24p,P0032,a30260f64aa5892818e847d22a0664e814c9340637aba533e3b51c5c379dc8e7,True,839,550,none,
doc_local_anonymize,c4_openai_doc_local_gpt55_24p,P0034,afb9d337da663e3b126cbc46051ffef816637db2823957e82e38f10d7f833a61,True,862,550,none,
doc_local_anonymize,c4_openai_doc_local_gpt55_24p,P0034,0925e7e7341ceb47064fec2ac850d87e59c6a79936a535c82afd13c4a893a789,True,825,550,none,
doc_local_anonymize,c4_openai_doc_local_gpt55_24p,P0034,f461778a021b88e1270324225a9bbed4a194f4a36b65f9398ef5600ed8735127,True,809,550,none,
doc_local_anonymize,c4_openai_doc_local_gpt55_24p,P0034,e5c27b62c1b4e5e59fb00aa1c610425230501b54b72841e50e8e2b310c0fe467,True,827,550,none,
doc_local_anonymize,c4_openai_doc_local_gpt55_24p,P0035,22d8f47b8a9e841950825960bee78cd32da9251f11e0ace6ec031f55b5d1bc08,True,805,550,none,
doc_local_anonymize,c4_openai_doc_local_gpt55_24p,P0035,b6b4739e576b0c6f851ee25e8d1f07e8aedb420932a1948206e27927d8f8d2f3,True,818,550,none,
doc_local_anonymize,c4_openai_doc_local_gpt55_24p,P0035,8be6dbf709a344a14dc485abb01ff8468b37561f7e9fa0506d38473bc6c12cdf,True,779,550,none,
doc_local_anonymize,c4_openai_doc_local_gpt55_24p,P0035,5f4dc64a331c12687e2fd5b8c22800c6be18b735e1d18dcc909f8aab47008422,True,820,550,none,
aux_match::c1_direct_redaction,c1_direct_redaction,P0001,1531df9cd28114b69297e2b7a653105f75271567e04a9afb1b948bb480535be8,True,6757,400,none,
aux_match::c1_direct_redaction,c1_direct_redaction,P0002,4d9a8e3cf7f86744ccfdbe04570f397488811e4a9d7861a74dcf17ba22f8831f,True,6721,400,none,
aux_match::c1_direct_redaction,c1_direct_redaction,P0004,0f0422bc81ed8291a564c8404667d4019fee7ae796a9cbdb3cbd6dcb1e166068,True,6779,400,none,
aux_match::c1_direct_redaction,c1_direct_redaction,P0005,8e37811a51a28b05dbc293107e30b4d699cceb18d27fae86efc7a3715f9efd7f,True,6526,400,none,
aux_match::c1_direct_redaction,c1_direct_redaction,P0007,5cdfcd74a2a903698fbc9fe1d6d675f6207ae692eabc0b1ccf3e57b9546aee5e,True,6759,400,none,
aux_match::c1_direct_redaction,c1_direct_redaction,P0008,5c6c8358963724f0b9caa22fc1c6cd21a33b1da7f6fda7b44d30bdd6bd71ab31,True,6684,400,none,
aux_match::c1_direct_redaction,c1_direct_redaction,P0010,b6a9c4b3c5d3bb610d9ad1f69ea3fc04c1023798d050e8c08e2e6fb38014f5ce,True,6750,400,none,
aux_match::c1_direct_redaction,c1_direct_redaction,P0011,25592154b2d170633455a0cfa622dd0e7a2591869631ecdc59165ccfa65fee56,True,6576,400,none,
aux_match::c1_direct_redaction,c1_direct_redaction,P0013,f84bf4313ae2e401439f2d09c5cbee764335ca505777a9ee4f83b09023f75506,True,6661,400,none,
aux_match::c1_direct_redaction,c1_direct_redaction,P0014,f6f2f3593b3a5de64236ca1d8c61fe015691c749b0291149200742fcb3ef164e,True,6705,400,none,
aux_match::c1_direct_redaction,c1_direct_redaction,P0016,84efbaf3812db0350dc6fa6ca0fc825b19c3cc2b824734f54340f01c40f47763,True,6817,400,none,
aux_match::c1_direct_redaction,c1_direct_redaction,P0017,291a8641da44eb335c0899d6462905fd2a5f0409381f19b8fe34d94718e9352a,True,6772,400,none,
aux_match::c1_direct_redaction,c1_direct_redaction,P0019,c619bd90079632c8b3cee444cf1c52ac8c44e746f4ea490a7a684184a2ba401a,True,6743,400,none,
aux_match::c1_direct_redaction,c1_direct_redaction,P0020,c798bdfc585365a59e20eb3ff9635032008ddc2a9e0e51c33719ba1d6e8b84a6,True,6464,400,none,
aux_match::c1_direct_redaction,c1_direct_redaction,P0022,ed7eebc8c3c1208218ac67a532e1596021efe8bacef3109ea4a25fb84336c4b1,True,6797,400,none,
aux_match::c1_direct_redaction,c1_direct_redaction,P0023,ff6b4fe4538d59f3902f3565f3728e2d6ddeb7a2d1804e9da00d455c92433b9a,True,6732,400,none,
aux_match::c1_direct_redaction,c1_direct_redaction,P0025,b757d0943627954cf09e52055cbacb874cba43d1a51fa56e6d9de1237208dcc7,True,6708,400,none,
aux_match::c1_direct_redaction,c1_direct_redaction,P0026,ef8482219ac9ac06b0ed84b221c8c2e44bf7ca9ea68805d017a31231a1ed8ea5,True,6682,400,none,
aux_match::c1_direct_redaction,c1_direct_redaction,P0028,09711a3964daa5d5123af900fd2549d50f642eb60017dd2b17f2acb18943ff4a,True,6715,400,none,
aux_match::c1_direct_redaction,c1_direct_redaction,P0029,2228198983eb808b848c00d0247b0d38da2f523886a8a1e4306045b16b345aff,True,6720,400,none,
aux_match::c1_direct_redaction,c1_direct_redaction,P0031,c454283fdc6651cac648da1c055d3dcc2600f70c733d0ae79e49430c1623934a,True,6763,400,none,
aux_match::c1_direct_redaction,c1_direct_redaction,P0032,45eff9bc212850d616f613020761bed416a0f5988678b8b2ca77230117d9b616,True,6629,400,none,
aux_match::c1_direct_redaction,c1_direct_redaction,P0034,7e71dd2e73cb2f909b2573b93f1957696678483858d89e60327be580123cd7a8,True,6751,400,none,
aux_match::c1_direct_redaction,c1_direct_redaction,P0035,60dcc1a5841165e4d92e7395e4e371774dc8f1cc5373334c1667d5aa22f52d74,True,6669,400,none,
aux_match::c1b_presidio_redaction,c1b_presidio_redaction,P0001,5dc258acc4b116f6b04e1597ca22adaabfd964ee8e3865571a81a7d8bc28544f,True,6997,400,none,
aux_match::c1b_presidio_redaction,c1b_presidio_redaction,P0002,86ee43fccde383b37f5264e05684858c2a4a08e8e1e4959ecc4b5fc041a70169,True,6972,400,none,
aux_match::c1b_presidio_redaction,c1b_presidio_redaction,P0004,51430270bd509571810ef1a717b65a465b76fa1e27ca30bed8531e2cb0474415,True,7057,400,none,
aux_match::c1b_presidio_redaction,c1b_presidio_redaction,P0005,b3ba50e0113af76fe26c9acb6151f25763f16d4a8a884b8173ee697b943b53ee,True,6742,400,none,
aux_match::c1b_presidio_redaction,c1b_presidio_redaction,P0007,0f452ed8c285ffc245f552632b66d519d78de5c7d4f33779c69e2903ccd024cc,True,7018,400,none,
aux_match::c1b_presidio_redaction,c1b_presidio_redaction,P0008,5625a0f3953748ffe09b877b3bb090dec2711a60ee566ec721014dbda7a4202d,True,7000,400,none,
aux_match::c1b_presidio_redaction,c1b_presidio_redaction,P0010,f37a6b64f3431db9258f7bd7bffffba38ecf9f3ac26cdb3c7beaa0caa95fb6b7,True,7002,400,none,
aux_match::c1b_presidio_redaction,c1b_presidio_redaction,P0011,e85635df8d92973fd8f06f9f781ca8da64e2bdf2a79a1ba07af2ee9177c4cfb1,True,6798,400,none,
aux_match::c1b_presidio_redaction,c1b_presidio_redaction,P0013,d34c8d65cec7ecd24c7e75e5abd21e807b267e60419e55eda5da43992cc53e90,True,6939,400,none,
aux_match::c1b_presidio_redaction,c1b_presidio_redaction,P0014,38bc26a6669e333357b35962f270c02bfb40a47b5edf350958c85ed17a058918,True,6957,400,none,
aux_match::c1b_presidio_redaction,c1b_presidio_redaction,P0016,ddaaf3c0672cbbc0ce47d079e4531ac49463626479238921035b8f9d71688bf2,True,7041,400,none,
aux_match::c1b_presidio_redaction,c1b_presidio_redaction,P0017,d3afb9b923de0d5a89bf97b11213d871d89db802b436f8460db22e858d4e7099,True,7017,400,none,
aux_match::c1b_presidio_redaction,c1b_presidio_redaction,P0019,538356457f1080040e3fb8da748d1845650e7615eaec7edf6bbcdacd3cb1f377,True,6961,400,none,
aux_match::c1b_presidio_redaction,c1b_presidio_redaction,P0020,6847f7693049ad8c8fbd2245dfb27dbbf1c178a467673eda3f7f70c2ea7e8ad7,True,6676,400,none,
aux_match::c1b_presidio_redaction,c1b_presidio_redaction,P0022,057a5a184e2f46681e46a3a7b3c9caa44284d3033c7cc94eed5eb6dd65a7ee36,True,7057,400,none,
aux_match::c1b_presidio_redaction,c1b_presidio_redaction,P0023,744c30cf8b71126a8f33a6224f900d3c84a2d4f647e90c33f7ea8a41a273a99b,True,7035,400,none,
aux_match::c1b_presidio_redaction,c1b_presidio_redaction,P0025,e243f6c5281bb5b21fde744abac1c9651f762e21772e3f7e1dd68f903ae6213d,True,6990,400,none,
aux_match::c1b_presidio_redaction,c1b_presidio_redaction,P0026,661e5013fd78554b12af719390cff77294f9898e49adc888b36fdc22bf776be1,True,6935,400,none,
aux_match::c1b_presidio_redaction,c1b_presidio_redaction,P0028,e8db53ff090402d1670e4151c0dcccac8a24316059dc1640ce08869fcd9e9e7e,True,6991,400,none,
aux_match::c1b_presidio_redaction,c1b_presidio_redaction,P0029,792567604155858fbd1836578c913e2e8b867e63aab9b3495344d23276102721,True,6976,400,none,
aux_match::c1b_presidio_redaction,c1b_presidio_redaction,P0031,3530599319bcf54313ecc6861c06db25a21d443f93f5967bfa9ef217727626b3,True,6983,400,none,
aux_match::c1b_presidio_redaction,c1b_presidio_redaction,P0032,e06e81c26f9e15df49c076f270b932267d1bbf40ba12e420c40cab5e6429ed4b,True,6849,400,none,
aux_match::c1b_presidio_redaction,c1b_presidio_redaction,P0034,2e8d034e8b6f29caecd0dc3fc89f77acc9348b5f86597de8d6b3e83e59af668a,True,7011,400,none,
aux_match::c1b_presidio_redaction,c1b_presidio_redaction,P0035,5152e767226fd6ec544c0966b0c4bcde7f4219f514c79d9131c75d298b501575,True,6992,400,none,
aux_match::c4_doc_local_anon,c4_doc_local_anon,P0001,4956ed16ed0b00ab84d99b7cff168c7f336bc7083b43e6f03174ad7765e65acb,True,6795,400,none,
aux_match::c4_doc_local_anon,c4_doc_local_anon,P0002,47f6d12d2c1a73bde0b241af879f8fc417c9227011ff8800e86054c35fb31b21,True,6751,400,none,
aux_match::c4_doc_local_anon,c4_doc_local_anon,P0004,4f0877891f28a36a3c07baf0673cdfd0c2d6e7d4165f57ed1b66429c7baf294c,True,6805,400,none,
aux_match::c4_doc_local_anon,c4_doc_local_anon,P0005,e174e0697cecf6ab5c90e29d937e4582f3e3dbda4f17a662b2b0df15c47cb681,True,6559,400,none,
aux_match::c4_doc_local_anon,c4_doc_local_anon,P0007,0212ae189fead058e41cfafbfa03b74b19478ff1aa29cecdca4ee79ff50617ab,True,6805,400,none,
aux_match::c4_doc_local_anon,c4_doc_local_anon,P0008,d7e8884e1b3295ef456a925bb028ccce333a68a54874ed81ffa9ade3b9878804,True,6708,400,none,
aux_match::c4_doc_local_anon,c4_doc_local_anon,P0010,d55415dda2226b6dc767275d446184140db0a41bdd5173ae4522c50571216068,True,6788,400,none,
aux_match::c4_doc_local_anon,c4_doc_local_anon,P0011,e3f64935f275fe05252a125e285f90c869d064438302ef532e00f23d1784e389,True,6615,400,none,
aux_match::c4_doc_local_anon,c4_doc_local_anon,P0013,b2646fce57e518ae319729f0f26eaf425dbc776e4e0375e8f929a456df86a70e,True,6689,400,none,
aux_match::c4_doc_local_anon,c4_doc_local_anon,P0014,b5f3c8bc69fdab318deb19fb53379d3a27bdcb4debfc56dd010e06c4ee5afc14,True,6721,400,none,
aux_match::c4_doc_local_anon,c4_doc_local_anon,P0016,2690b1ee500b4917820614897a46534e1a16b95d1fa934deb4d9d05cab4b3358,True,6841,400,none,
aux_match::c4_doc_local_anon,c4_doc_local_anon,P0017,9bb1b0f2803b74d0561d0740046511aa4b879978f2a9dadbff8b94a8b9185030,True,6817,400,none,
aux_match::c4_doc_local_anon,c4_doc_local_anon,P0019,45a77dbe22517dda5ec54a1187ca56675705a7886fc9770921f4563c6d971c9f,True,6793,400,none,
aux_match::c4_doc_local_anon,c4_doc_local_anon,P0020,61371fa2e735b2e76855ca062d0871a0957a5dd5c29fafa99030adae1093f636,True,6498,400,none,
aux_match::c4_doc_local_anon,c4_doc_local_anon,P0022,3d267d324e60bc3f676c60b2d3974e1884e024d2633041574a4f582a213e73ae,True,6835,400,none,
aux_match::c4_doc_local_anon,c4_doc_local_anon,P0023,5d8546a84653b1392016f6001b798777c5ced892d62fbd26678a535d1cfab6a1,True,6756,400,none,
aux_match::c4_doc_local_anon,c4_doc_local_anon,P0025,40f36ffd6d2e114cdaea06b149d77cc799b3f628f38890422636f40efb7cee76,True,6738,400,none,
aux_match::c4_doc_local_anon,c4_doc_local_anon,P0026,3ee7ef044746ae5d82806413b61dd6ba033f7d70710117311862c829b769a39f,True,6708,400,none,
aux_match::c4_doc_local_anon,c4_doc_local_anon,P0028,144fd3b5f4e270098ef0836fc9f06202f7b668b76454be97d498ecf972c7aefd,True,6739,400,none,
aux_match::c4_doc_local_anon,c4_doc_local_anon,P0029,2f6863222eaaf4c12e5fe338f6eed9cfe5e7919e71aca501112fa65743811b50,True,6762,400,none,
aux_match::c4_doc_local_anon,c4_doc_local_anon,P0031,23b997af0e4144d43f55682122564f89c2beb5d173300b435cfe002e7cb0c54c,True,6789,400,none,
aux_match::c4_doc_local_anon,c4_doc_local_anon,P0032,9da2aa3f402689a96154dd9981866f8ac837c5e944648dc92bf2f59b6b0ef0e4,True,6665,400,none,
aux_match::c4_doc_local_anon,c4_doc_local_anon,P0034,8248a2156342bb5d6cdfa6ded5b9f39dbd8eaddf265b335ce149aa0e1f5250aa,True,6801,400,none,
aux_match::c4_doc_local_anon,c4_doc_local_anon,P0035,cdf15bbc7588814dcc31671e09994e26f361c3b8d9de7d348cf0139fb48eca88,True,6697,400,none,
aux_match::c4_openai_doc_local_gpt55_24p,c4_openai_doc_local_gpt55_24p,P0001,4c14d138609c84f53c9c8d72e57d614668530088f4949c319f6bdc913fddc218,True,6905,400,none,
aux_match::c4_openai_doc_local_gpt55_24p,c4_openai_doc_local_gpt55_24p,P0002,e1ed83ab88c1c2aaf1e111e30a4b23c01d199c43cb52d7a95e0999f235fa495d,True,6843,400,none,
aux_match::c4_openai_doc_local_gpt55_24p,c4_openai_doc_local_gpt55_24p,P0004,a015a422a6bbd888ee6748183980b507cba82fc153bd7fe419a998a4a42a3a6f,True,6914,400,none,
aux_match::c4_openai_doc_local_gpt55_24p,c4_openai_doc_local_gpt55_24p,P0005,173776ab39ea0f6271798588062f71de9cd0e3bbefdc0604f66317eec2756957,True,6656,400,none,
aux_match::c4_openai_doc_local_gpt55_24p,c4_openai_doc_local_gpt55_24p,P0007,6b158a3b1f666ebbfefa1f22604a442800ab5d006e4de62feb061a8ab3be9ddb,True,6908,400,none,
aux_match::c4_openai_doc_local_gpt55_24p,c4_openai_doc_local_gpt55_24p,P0008,24c4efc37a1832abdecf238dce84dcd38640b5fa87076f9ebeaa24146fab567d,True,6788,400,none,
aux_match::c4_openai_doc_local_gpt55_24p,c4_openai_doc_local_gpt55_24p,P0010,e6c6c29828e54a8f5a36aeca70c3f8b86e1dd12cbaf2d8cb34b6939a76916038,True,6861,400,none,
aux_match::c4_openai_doc_local_gpt55_24p,c4_openai_doc_local_gpt55_24p,P0011,33c64c3596ef7660abd3f7c9694c6b49606d00685e4f5ed149b0460734488273,True,6684,400,none,
aux_match::c4_openai_doc_local_gpt55_24p,c4_openai_doc_local_gpt55_24p,P0013,4f02b889bf7d635b3b3d866042adbb302da5d6eb6db4b9f73c1c0360352c9589,True,6780,400,none,
aux_match::c4_openai_doc_local_gpt55_24p,c4_openai_doc_local_gpt55_24p,P0014,9d29ec0b1119e5195e4f9902d3c9c90193b3f22712617b8a8f58fe871ff5538a,True,6863,400,none,
aux_match::c4_openai_doc_local_gpt55_24p,c4_openai_doc_local_gpt55_24p,P0016,3e804faeb27384fa8edf3fe7128e03f33f31da157d33791c997b1d733b83fae8,True,6898,400,none,
aux_match::c4_openai_doc_local_gpt55_24p,c4_openai_doc_local_gpt55_24p,P0017,009bd740c0f7c6d726904584eedcb692cfb003398e3de4aa05ad99378e142851,True,6897,400,none,
aux_match::c4_openai_doc_local_gpt55_24p,c4_openai_doc_local_gpt55_24p,P0019,b91339e33d3c56da8372472d6f15df809bceeb465a41cf7924671fd2843b8c51,True,6858,400,none,
aux_match::c4_openai_doc_local_gpt55_24p,c4_openai_doc_local_gpt55_24p,P0020,d3fa089a7eebcfa949481d525f8d1d00bb6df038f13acdd079bf9723e7470dc3,True,6607,400,none,
aux_match::c4_openai_doc_local_gpt55_24p,c4_openai_doc_local_gpt55_24p,P0022,9ac047be971525d0eeafbbfd92682122c913d3b57b485bf4ab4f6f8c3c445552,True,6923,400,none,
aux_match::c4_openai_doc_local_gpt55_24p,c4_openai_doc_local_gpt55_24p,P0023,9c3ce920de2e269b20ecc64957d4ddfaead14bcbebd68ec707214e677eac02b3,True,6828,400,none,
aux_match::c4_openai_doc_local_gpt55_24p,c4_openai_doc_local_gpt55_24p,P0025,76b0bea23aa401c3fa3706da95bf7387f15e848f6c9fb6ee7f33bd42f4a6e2d6,True,6860,400,none,
aux_match::c4_openai_doc_local_gpt55_24p,c4_openai_doc_local_gpt55_24p,P0026,a8730fd533be9e9c45e82baa60989b723c96d2407a9b3395e27553394adec734,True,6795,400,none,
aux_match::c4_openai_doc_local_gpt55_24p,c4_openai_doc_local_gpt55_24p,P0028,d79062876110c50c13e8c02c30393357c8eb6ff260e0bfc8a1a43a61de573ba8,True,6794,400,none,
aux_match::c4_openai_doc_local_gpt55_24p,c4_openai_doc_local_gpt55_24p,P0029,10938027a3e030c16481eab27e2656066869ef9a4be8dc62da2addf0c8d21976,True,6796,400,none,
aux_match::c4_openai_doc_local_gpt55_24p,c4_openai_doc_local_gpt55_24p,P0031,179548c8fe620a7cf015882ecaaf13f0fe111725ce0eb2090764f056410e573d,True,6828,400,none,
aux_match::c4_openai_doc_local_gpt55_24p,c4_openai_doc_local_gpt55_24p,P0032,bc7513378786b5f3855b10ffd3bd32d4065638488355802e55f1deb9a272337d,True,6774,400,none,
aux_match::c4_openai_doc_local_gpt55_24p,c4_openai_doc_local_gpt55_24p,P0034,747dde46b27e48761adb109588d828d4fd301d4ed37ec451629e232b88af7b15,True,6858,400,none,
aux_match::c4_openai_doc_local_gpt55_24p,c4_openai_doc_local_gpt55_24p,P0035,916ca61b479fcb069ee544249b8c2ad64acc394ccce7c21403d8f3fb78bd9b4f,True,6778,400,none,
aux_match::c5_linkguard,c5_linkguard,P0001,c2e4b50da7bf800828367b0ad85643be92d37c1e1b95855f82e335a6f9115d75,True,6668,400,none,
aux_match::c5_linkguard,c5_linkguard,P0002,47783b2adc323848280e7e78682cbdc759f7ccf092aa7423b6522b0ef67acd71,True,6657,400,none,
aux_match::c5_linkguard,c5_linkguard,P0004,63da463a0e6aa3d37f138ba02090eb855f98071fd6eb792c6e001ae5f056125d,True,6688,400,none,
aux_match::c5_linkguard,c5_linkguard,P0005,f2ac35e89b0d4f0a26783854530479d635424279754bae13eed66b8a7b6fe8f0,True,6518,400,none,
aux_match::c5_linkguard,c5_linkguard,P0007,e7003052447ae8f054311a19b32b8fd3fd7cd06983377f9f12edb761c55959fd,True,6678,400,none,
aux_match::c5_linkguard,c5_linkguard,P0008,ecc0edbea8d12f64c136e203921c617c5a4fa5bcb666691c31ae4236092606ca,True,6611,400,none,
aux_match::c5_linkguard,c5_linkguard,P0010,28fba78abf05a0f22c04dce938015bc73e08bf7c14baad615899f0532fa629cf,True,6661,400,none,
aux_match::c5_linkguard,c5_linkguard,P0011,3aed73e4a9ba2d6668e7d787665ddd3d4a64414adb26e97005cfee0df19e10fd,True,6533,400,none,
aux_match::c5_linkguard,c5_linkguard,P0013,f75b0b8c934b8322e225d7f63b26eaed7050e16f2079f680e7596bb344e67b3b,True,6577,400,none,
aux_match::c5_linkguard,c5_linkguard,P0014,b6a45b92fd46ab95b9ac803621fb34968e3a10d2dc0b0810bf536923cb8f14b0,True,6661,400,none,
aux_match::c5_linkguard,c5_linkguard,P0016,b42d3284c1fbc4d22e61e2a540ffb11fa1498eaaf2492fd3ef4170af861e8d84,True,6707,400,none,
aux_match::c5_linkguard,c5_linkguard,P0017,62286f40219ea6082e777f2cb27797bc35b6e3c61c294aa41b62a242bbd048c8,True,6665,400,none,
aux_match::c5_linkguard,c5_linkguard,P0019,ec99a98feee87a0bc77f471500b872044d5492aca151f8c9781ee01998d00ae3,True,6680,400,none,
aux_match::c5_linkguard,c5_linkguard,P0020,894f1215dd3a13a4e5ca47cd4081c55a170e300a6e2f967e5ec0a7f880ddeec6,True,6472,400,none,
aux_match::c5_linkguard,c5_linkguard,P0022,348fe7b7ca1588347371b8946ff7f84330e1b03c1c58f1b39ce537c28ad1f8b7,True,6716,400,none,
aux_match::c5_linkguard,c5_linkguard,P0023,9168aa1b68be4c7414a09e7b84c7a8e4621b66a5150596cb7614efde73071738,True,6655,400,none,
aux_match::c5_linkguard,c5_linkguard,P0025,0480fb3c003d84e2380e3f92a1c6a3425c23c233b9f355b428f393953e689e1a,True,6628,400,none,
aux_match::c5_linkguard,c5_linkguard,P0026,bd890d6bd7bacd80e9227fb1238e2bd5016534d6d6541a7644daf0a56cafbd76,True,6648,400,none,
aux_match::c5_linkguard,c5_linkguard,P0028,e9ea4973b59685893e7c3c9f525e345243b9342699cbd7a456b75ef59adbf5c9,True,6684,400,none,
aux_match::c5_linkguard,c5_linkguard,P0029,8d94c87320ab27951a59c97015d34a75deddcf5d6e97a6b27a609abbf8efe768,True,6652,400,none,
aux_match::c5_linkguard,c5_linkguard,P0031,62418c65cd538bfd148e5a38152aef8ecfdfe38e9b43ce9c50bfc0652a2dafb4,True,6702,400,none,
aux_match::c5_linkguard,c5_linkguard,P0032,09dd3b3ce5ca9430bcc0ecf9aed4b97827d0af3fb57e569e2e592f1317ce5981,True,6568,400,none,
aux_match::c5_linkguard,c5_linkguard,P0034,27170c2082f5d4981aa4cdc5d63fe1ea5f5daf6d8f47f86c0fe47da0e66d4931,True,6650,400,none,
aux_match::c5_linkguard,c5_linkguard,P0035,b98933a9a4c2c0b39d1ffe4f1d40175ae9d279b630ed6925e8c3ede0a6103c61,True,6613,400,none,
aux_match::c6_aggressive_redaction,c6_aggressive_redaction,P0001,ce9fe28a80cd00205696e551a1197e7be259ddfd54bcad4366865484d1c59b74,True,6501,400,none,
aux_match::c6_aggressive_redaction,c6_aggressive_redaction,P0002,9aa24c392c9a3e7248f7d9157814a2f95ae7f3cc997e6a9de91366d7b7a2b135,True,6464,400,none,
aux_match::c6_aggressive_redaction,c6_aggressive_redaction,P0004,1ec04a85915a78abea19256a57e83b9640001666d4495874c39cbd1d1100098e,True,6529,400,none,
aux_match::c6_aggressive_redaction,c6_aggressive_redaction,P0005,6d8f76f4d922e0c524a6ef01119219a9a27519178e73eb1a586e9f56119b7b66,True,6296,400,none,
aux_match::c6_aggressive_redaction,c6_aggressive_redaction,P0007,235930cbdda63b3949b2886d646fc579be71ebb05a45f4ac5881e2b1db801cf6,True,6482,400,none,
aux_match::c6_aggressive_redaction,c6_aggressive_redaction,P0008,eacb1715f18974b42ff2f3da323fe61e0c6ad37af8de7f8cd39336046b2988d6,True,6432,400,none,
aux_match::c6_aggressive_redaction,c6_aggressive_redaction,P0010,bbf3007936510054364eaa2935a87a7e9369719c8efe5a86d99d3b5aea20694c,True,6485,400,none,
aux_match::c6_aggressive_redaction,c6_aggressive_redaction,P0011,0d1d614ce9af503a3d4eb2a0fa1518a545eca9d9069b24874b014d3a453e44b5,True,6324,400,none,
aux_match::c6_aggressive_redaction,c6_aggressive_redaction,P0013,f1636f0f5042601e84df6884d8f2354dc14a06059cc4211522cf4665ebf599d1,True,6417,400,none,
aux_match::c6_aggressive_redaction,c6_aggressive_redaction,P0014,0babff09051ad97b893d7c1ae726ef85de8289d04ac16b991adf5576335e1638,True,6451,400,none,
aux_match::c6_aggressive_redaction,c6_aggressive_redaction,P0016,11dfd9bc58272e37bc805ff7f8ee6ee83b0988787eddfb4dce3697bb21bdd013,True,6534,400,none,
aux_match::c6_aggressive_redaction,c6_aggressive_redaction,P0017,1228417a4deb0ad3d89e3fdb1af91933142bb5c129018f85f8877fe6c7abd7cb,True,6460,400,none,
aux_match::c6_aggressive_redaction,c6_aggressive_redaction,P0019,67f521121574545f5d72aa69dc4c6ef22a4681dd2ba2fd2d83df8b93481e9db0,True,6500,400,none,
aux_match::c6_aggressive_redaction,c6_aggressive_redaction,P0020,8850490ee588f88e8867b26157d738cec928a235d6531a43a1bc30c9ea4804e6,True,6256,400,none,
aux_match::c6_aggressive_redaction,c6_aggressive_redaction,P0022,5774a6673c60e4ba91e154bf5533adc8cb304dc70a90bdaa3c1d42d05ff8c0f5,True,6533,400,none,
aux_match::c6_aggressive_redaction,c6_aggressive_redaction,P0023,252f27e7021867330d69c25246526ad860a05e5d504a96e4ec3fd564f3b1f2a3,True,6463,400,none,
aux_match::c6_aggressive_redaction,c6_aggressive_redaction,P0025,4ee6fe0c9d012fee2dc54e2c6ccd4079d52bee1f388c051a674be7b5bdd35ce9,True,6468,400,none,
aux_match::c6_aggressive_redaction,c6_aggressive_redaction,P0026,4c1d0238d475acfc31ab5fd0898e80b0b08c3a0a8eac7b687f29ac3678fa72cf,True,6457,400,none,
aux_match::c6_aggressive_redaction,c6_aggressive_redaction,P0028,d86bf8e6ea08dcea23200e92e5e8b9d25ad5ea8608c6dd79465a1a61e7295321,True,6501,400,none,
aux_match::c6_aggressive_redaction,c6_aggressive_redaction,P0029,559cfd44f6762ba923f16962d2d11807efdf251e50b1a36c31eb38f16acff085,True,6442,400,none,
aux_match::c6_aggressive_redaction,c6_aggressive_redaction,P0031,d979d04fd8ee2298a82931a8b93603863fd3bb5777d9637fcaf42a87c369fa28,True,6512,400,none,
aux_match::c6_aggressive_redaction,c6_aggressive_redaction,P0032,eca9cc63b88c8c79bf253b803ee5d30f7276650ccfe8712383e4271c5b84eed2,True,6352,400,none,
aux_match::c6_aggressive_redaction,c6_aggressive_redaction,P0034,41a5f2fffd7eba799099ec75c0fd89a6aef9b23d5719a78feb267817789f3830,True,6485,400,none,
aux_match::c6_aggressive_redaction,c6_aggressive_redaction,P0035,e47f4593bb8d7da58a264ef6187be5241a6123be6df513c13d0a684cd70c0373,True,6418,400,none,
