doc_id,persona_id,domain,risk_tier,chars,tokens,type_token_ratio,template_similarity,first_line
P0000_D01,P0000,healthcare,T1,621,92,0.75,0.22641509433962265,Subject: healthcare / medication refill / follow-up
P0000_D02,P0000,legal,T1,570,83,0.7590361445783133,0.35670103092783506,Subject: legal / benefits appeal / follow-up
P0000_D03,P0000,financial,T1,512,75,0.7733333333333333,0.3434343434343434,Subject: financial / payment deferral / follow-up
P0000_D04,P0000,hr,T1,569,85,0.7647058823529411,0.2837162837162837,Subject: hr / leave request / follow-up
P0001_D01,P0001,healthcare,T2,675,95,0.8526315789473684,0.287467134092901,Subject: healthcare / insurance question / follow-up
P0001_D02,P0001,legal,T2,609,84,0.8214285714285714,0.3573487031700288,Subject: legal / housing issue / follow-up
P0001_D03,P0001,financial,T2,591,84,0.7976190476190477,0.2893954410307235,Subject: financial / account correction / follow-up
P0001_D04,P0001,hr,T2,607,89,0.7640449438202247,0.2792452830188679,Subject: hr / leave request / follow-up
P0002_D01,P0002,healthcare,T3,662,97,0.8144329896907216,0.24326833797585887,Subject: healthcare / medication refill / follow-up
P0002_D02,P0002,legal,T3,605,83,0.8433734939759037,0.21579961464354527,Subject: legal / benefits appeal / follow-up
P0002_D03,P0002,financial,T3,524,76,0.8157894736842105,0.40131578947368424,Subject: financial / fraud inquiry / follow-up
P0002_D04,P0002,hr,T3,598,89,0.8089887640449438,0.3320235756385069,Subject: hr / leave request / follow-up
P0003_D01,P0003,healthcare,T1,621,92,0.7717391304347826,0.2884071630537229,Subject: healthcare / symptom follow-up / follow-up
P0003_D02,P0003,legal,T1,561,79,0.7848101265822784,0.303347280334728,Subject: legal / housing issue / follow-up
P0003_D03,P0003,financial,T1,553,83,0.7469879518072289,0.387027027027027,Subject: financial / fraud inquiry / follow-up
P0003_D04,P0003,hr,T1,612,90,0.7333333333333333,0.26743075453677173,Subject: hr / schedule change / follow-up
P0004_D01,P0004,healthcare,T2,691,96,0.75,0.32152117545375974,Subject: healthcare / appointment scheduling / follow-up
P0004_D02,P0004,legal,T2,546,77,0.7922077922077922,0.2801235839340886,Subject: legal / housing issue / follow-up
P0004_D03,P0004,financial,T2,566,81,0.7407407407407407,0.24064711830131447,Subject: financial / account correction / follow-up
P0004_D04,P0004,hr,T2,593,84,0.7857142857142857,0.26396917148362237,Subject: hr / schedule change / follow-up
P0005_D01,P0005,healthcare,T3,657,95,0.7789473684210526,0.22905027932960895,Subject: healthcare / appointment scheduling / follow-up
P0005_D02,P0005,legal,T3,603,87,0.8160919540229885,0.2901353965183752,Subject: legal / benefits appeal / follow-up
P0005_D03,P0005,financial,T3,531,77,0.8051948051948052,0.4021978021978022,Subject: financial / hardship request / follow-up
P0005_D04,P0005,hr,T3,590,85,0.8117647058823529,0.26865671641791045,Subject: hr / leave request / follow-up
P0006_D01,P0006,healthcare,T1,616,84,0.8095238095238095,0.25981308411214954,Subject: healthcare / appointment scheduling / follow-up
P0006_D02,P0006,legal,T1,565,77,0.8051948051948052,0.26202661207778916,Subject: legal / employment dispute / follow-up
P0006_D03,P0006,financial,T1,523,75,0.7733333333333333,0.38453038674033146,Subject: financial / payment deferral / follow-up
P0006_D04,P0006,hr,T1,616,90,0.7444444444444445,0.3449575871819039,Subject: hr / benefits question / follow-up
P0007_D01,P0007,healthcare,T2,690,97,0.7835051546391752,0.2736660929432014,Subject: healthcare / medication refill / follow-up
P0007_D02,P0007,legal,T2,610,82,0.8170731707317073,0.29158878504672897,Subject: legal / consumer complaint / follow-up
P0007_D03,P0007,financial,T2,613,87,0.7701149425287356,0.25213270142180094,Subject: financial / payment deferral / follow-up
P0007_D04,P0007,hr,T2,636,89,0.8202247191011236,0.39421338155515373,Subject: hr / benefits question / follow-up
P0008_D01,P0008,healthcare,T3,628,97,0.7216494845360825,0.22007722007722008,Subject: healthcare / symptom follow-up / follow-up
P0008_D02,P0008,legal,T3,583,83,0.8313253012048193,0.22266009852216748,Subject: legal / housing issue / follow-up
P0008_D03,P0008,financial,T3,583,82,0.7682926829268293,0.39390862944162436,Subject: financial / account correction / follow-up
P0008_D04,P0008,hr,T3,598,87,0.7931034482758621,0.22549019607843138,Subject: hr / leave request / follow-up
P0009_D01,P0009,healthcare,T1,608,92,0.7717391304347826,0.2612011439466158,Subject: healthcare / symptom follow-up / follow-up
P0009_D02,P0009,legal,T1,539,75,0.8,0.2558139534883721,Subject: legal / consumer complaint / follow-up
P0009_D03,P0009,financial,T1,567,81,0.7901234567901234,0.27666314677930304,Subject: financial / payment deferral / follow-up
P0009_D04,P0009,hr,T1,600,83,0.7590361445783133,0.34476190476190477,Subject: hr / accommodation request / follow-up
P0010_D01,P0010,healthcare,T2,641,91,0.7692307692307693,0.23518687329079307,Subject: healthcare / medication refill / follow-up
P0010_D02,P0010,legal,T2,592,80,0.85,0.31213872832369943,Subject: legal / employment dispute / follow-up
P0010_D03,P0010,financial,T2,595,84,0.7857142857142857,0.3057199211045365,Subject: financial / account correction / follow-up
P0010_D04,P0010,hr,T2,618,86,0.7906976744186046,0.32037037037037036,Subject: hr / benefits question / follow-up
P0011_D01,P0011,healthcare,T3,652,92,0.782608695652174,0.3248826291079812,Subject: healthcare / insurance question / follow-up
P0011_D02,P0011,legal,T3,628,87,0.8505747126436781,0.22905027932960895,Subject: legal / benefits appeal / follow-up
P0011_D03,P0011,financial,T3,544,77,0.7922077922077922,0.3326271186440678,Subject: financial / account correction / follow-up
P0011_D04,P0011,hr,T3,606,87,0.8045977011494253,0.24124513618677043,Subject: hr / schedule change / follow-up
P0012_D01,P0012,healthcare,T1,600,86,0.8255813953488372,0.23091603053435114,Subject: healthcare / medication refill / follow-up
P0012_D02,P0012,legal,T1,574,82,0.7560975609756098,0.25,Subject: legal / housing issue / follow-up
P0012_D03,P0012,financial,T1,546,78,0.7692307692307693,0.4073275862068966,Subject: financial / hardship request / follow-up
P0012_D04,P0012,hr,T1,591,82,0.7804878048780488,0.2876190476190476,Subject: hr / accommodation request / follow-up
P0013_D01,P0013,healthcare,T2,676,93,0.8064516129032258,0.37389770723104054,Subject: healthcare / medication refill / follow-up
P0013_D02,P0013,legal,T2,603,84,0.7976190476190477,0.3861671469740634,Subject: legal / housing issue / follow-up
P0013_D03,P0013,financial,T2,586,85,0.7647058823529411,0.3330029732408325,Subject: financial / fraud inquiry / follow-up
P0013_D04,P0013,hr,T2,604,82,0.7926829268292683,0.3977379830348728,Subject: hr / benefits question / follow-up
P0014_D01,P0014,healthcare,T3,646,93,0.8387096774193549,0.35734331150608045,Subject: healthcare / insurance question / follow-up
P0014_D02,P0014,legal,T3,577,84,0.8214285714285714,0.39152371342078707,Subject: legal / housing issue / follow-up
P0014_D03,P0014,financial,T3,598,86,0.7906976744186046,0.3834510595358224,Subject: financial / hardship request / follow-up
P0014_D04,P0014,hr,T3,606,90,0.8222222222222222,0.34235976789168276,Subject: hr / leave request / follow-up
P0015_D01,P0015,healthcare,T1,630,96,0.71875,0.2542056074766355,Subject: healthcare / symptom follow-up / follow-up
P0015_D02,P0015,legal,T1,566,81,0.7407407407407407,0.2907216494845361,Subject: legal / employment dispute / follow-up
P0015_D03,P0015,financial,T1,529,79,0.7468354430379747,0.31057268722466963,Subject: financial / hardship request / follow-up
P0015_D04,P0015,hr,T1,611,90,0.7444444444444445,0.2941738299904489,Subject: hr / benefits question / follow-up
P0016_D01,P0016,healthcare,T2,688,96,0.7916666666666666,0.33707865168539325,Subject: healthcare / insurance question / follow-up
P0016_D02,P0016,legal,T2,604,83,0.8192771084337349,0.25,Subject: legal / employment dispute / follow-up
P0016_D03,P0016,financial,T2,590,84,0.7738095238095238,0.24015748031496062,Subject: financial / account correction / follow-up
P0016_D04,P0016,hr,T2,601,88,0.7727272727272727,0.42274881516587676,Subject: hr / leave request / follow-up
P0017_D01,P0017,healthcare,T3,680,95,0.8210526315789474,0.21155555555555555,Subject: healthcare / appointment scheduling / follow-up
P0017_D02,P0017,legal,T3,615,88,0.8181818181818182,0.34995296331138287,Subject: legal / housing issue / follow-up
P0017_D03,P0017,financial,T3,549,78,0.8076923076923077,0.4421272158498436,Subject: financial / payment deferral / follow-up
P0017_D04,P0017,hr,T3,619,90,0.8,0.22813688212927757,Subject: hr / leave request / follow-up
P0018_D01,P0018,healthcare,T1,628,86,0.813953488372093,0.30330882352941174,Subject: healthcare / medication refill / follow-up
P0018_D02,P0018,legal,T1,588,78,0.7948717948717948,0.2896551724137931,Subject: legal / consumer complaint / follow-up
P0018_D03,P0018,financial,T1,545,76,0.7763157894736842,0.28844114528101805,Subject: financial / payment deferral / follow-up
P0018_D04,P0018,hr,T1,601,83,0.8192771084337349,0.36876763875823143,Subject: hr / benefits question / follow-up
P0019_D01,P0019,healthcare,T2,639,90,0.8222222222222222,0.2534435261707989,Subject: healthcare / insurance question / follow-up
P0019_D02,P0019,legal,T2,553,80,0.8,0.24897119341563786,Subject: legal / housing issue / follow-up
P0019_D03,P0019,financial,T2,564,80,0.7375,0.23373983739837398,Subject: financial / account correction / follow-up
P0019_D04,P0019,hr,T2,604,86,0.7906976744186046,0.3068072866730585,Subject: hr / benefits question / follow-up
P0020_D01,P0020,healthcare,T3,655,98,0.7857142857142857,0.2919020715630885,Subject: healthcare / medication refill / follow-up
P0020_D02,P0020,legal,T3,606,86,0.8023255813953488,0.345821325648415,Subject: legal / employment dispute / follow-up
P0020_D03,P0020,financial,T3,555,82,0.7682926829268293,0.30982905982905984,Subject: financial / account correction / follow-up
P0020_D04,P0020,hr,T3,601,87,0.8045977011494253,0.2851600387972842,Subject: hr / schedule change / follow-up
P0021_D01,P0021,healthcare,T1,622,91,0.7692307692307693,0.31156716417910446,Subject: healthcare / insurance question / follow-up
P0021_D02,P0021,legal,T1,583,82,0.8048780487804879,0.3582995951417004,Subject: legal / benefits appeal / follow-up
P0021_D03,P0021,financial,T1,538,79,0.7848101265822784,0.3413566739606127,Subject: financial / fraud inquiry / follow-up
P0021_D04,P0021,hr,T1,620,90,0.7444444444444445,0.3062558356676004,Subject: hr / accommodation request / follow-up
P0022_D01,P0022,healthcare,T2,662,96,0.8125,0.2852017937219731,Subject: healthcare / symptom follow-up / follow-up
P0022_D02,P0022,legal,T2,609,84,0.8333333333333334,0.3377609108159393,Subject: legal / benefits appeal / follow-up
P0022_D03,P0022,financial,T2,582,82,0.7926829268292683,0.3548387096774194,Subject: financial / payment deferral / follow-up
P0022_D04,P0022,hr,T2,646,90,0.7888888888888889,0.4110813226094727,Subject: hr / accommodation request / follow-up
P0023_D01,P0023,healthcare,T3,641,93,0.8064516129032258,0.21800947867298578,Subject: healthcare / medication refill / follow-up
P0023_D02,P0023,legal,T3,607,85,0.788235294117647,0.2748091603053435,Subject: legal / employment dispute / follow-up
P0023_D03,P0023,financial,T3,582,86,0.7790697674418605,0.3689516129032258,Subject: financial / account correction / follow-up
P0023_D04,P0023,hr,T3,588,86,0.7906976744186046,0.27172827172827174,Subject: hr / leave request / follow-up
P0024_D01,P0024,healthcare,T1,662,93,0.7634408602150538,0.38605898123324395,Subject: healthcare / insurance question / follow-up
P0024_D02,P0024,legal,T1,566,78,0.8076923076923077,0.2930327868852459,Subject: legal / benefits appeal / follow-up
P0024_D03,P0024,financial,T1,589,85,0.8117647058823529,0.39139344262295084,Subject: financial / fraud inquiry / follow-up
P0024_D04,P0024,hr,T1,578,84,0.7380952380952381,0.24141315014720313,Subject: hr / schedule change / follow-up
P0025_D01,P0025,healthcare,T2,645,94,0.7340425531914894,0.29014598540145986,Subject: healthcare / symptom follow-up / follow-up
P0025_D02,P0025,legal,T2,591,85,0.8,0.40078973346495556,Subject: legal / housing issue / follow-up
P0025_D03,P0025,financial,T2,561,81,0.8024691358024691,0.2540650406504065,Subject: financial / fraud inquiry / follow-up
P0025_D04,P0025,hr,T2,589,88,0.7386363636363636,0.298828125,Subject: hr / leave request / follow-up
P0026_D01,P0026,healthcare,T3,630,94,0.7553191489361702,0.22093023255813954,Subject: healthcare / medication refill / follow-up
P0026_D02,P0026,legal,T3,565,78,0.7948717948717948,0.23612512613521694,Subject: legal / benefits appeal / follow-up
P0026_D03,P0026,financial,T3,570,82,0.8048780487804879,0.3444676409185804,Subject: financial / hardship request / follow-up
P0026_D04,P0026,hr,T3,577,85,0.8117647058823529,0.3276036400404449,Subject: hr / leave request / follow-up
P0027_D01,P0027,healthcare,T1,649,94,0.8085106382978723,0.41467889908256883,Subject: healthcare / insurance question / follow-up
P0027_D02,P0027,legal,T1,569,78,0.7948717948717948,0.25102880658436216,Subject: legal / benefits appeal / follow-up
P0027_D03,P0027,financial,T1,528,78,0.7307692307692307,0.31497797356828194,Subject: financial / hardship request / follow-up
P0027_D04,P0027,hr,T1,630,87,0.8045977011494253,0.31343283582089554,Subject: hr / accommodation request / follow-up
P0028_D01,P0028,healthcare,T2,652,90,0.7777777777777778,0.29443447037701975,Subject: healthcare / appointment scheduling / follow-up
P0028_D02,P0028,legal,T2,551,76,0.8157894736842105,0.2827868852459016,Subject: legal / consumer complaint / follow-up
P0028_D03,P0028,financial,T2,594,84,0.7619047619047619,0.28937007874015747,Subject: financial / hardship request / follow-up
P0028_D04,P0028,hr,T2,612,84,0.8214285714285714,0.31499051233396586,Subject: hr / benefits question / follow-up
P0029_D01,P0029,healthcare,T3,679,99,0.7878787878787878,0.27722772277227725,Subject: healthcare / symptom follow-up / follow-up
P0029_D02,P0029,legal,T3,640,87,0.8390804597701149,0.292817679558011,Subject: legal / benefits appeal / follow-up
P0029_D03,P0029,financial,T3,598,85,0.7764705882352941,0.3843843843843844,Subject: financial / hardship request / follow-up
P0029_D04,P0029,hr,T3,638,90,0.7666666666666667,0.2354014598540146,Subject: hr / benefits question / follow-up
P0030_D01,P0030,healthcare,T1,632,89,0.8089887640449438,0.28122109158186864,Subject: healthcare / medication refill / follow-up
P0030_D02,P0030,legal,T1,554,78,0.7564102564102564,0.31088082901554404,Subject: legal / employment dispute / follow-up
P0030_D03,P0030,financial,T1,515,75,0.7866666666666666,0.29596412556053814,Subject: financial / fraud inquiry / follow-up
P0030_D04,P0030,hr,T1,604,86,0.7441860465116279,0.26020892687559355,Subject: hr / benefits question / follow-up
P0031_D01,P0031,healthcare,T2,672,94,0.8191489361702128,0.26371681415929205,Subject: healthcare / appointment scheduling / follow-up
P0031_D02,P0031,legal,T2,556,75,0.8133333333333334,0.2865731462925852,Subject: legal / employment dispute / follow-up
P0031_D03,P0031,financial,T2,551,82,0.7439024390243902,0.2803738317757009,Subject: financial / hardship request / follow-up
P0031_D04,P0031,hr,T2,594,83,0.7831325301204819,0.2569511025886865,Subject: hr / schedule change / follow-up
P0032_D01,P0032,healthcare,T3,645,91,0.7802197802197802,0.32558139534883723,Subject: healthcare / insurance question / follow-up
P0032_D02,P0032,legal,T3,644,88,0.875,0.24615384615384617,Subject: legal / employment dispute / follow-up
P0032_D03,P0032,financial,T3,551,79,0.759493670886076,0.38306878306878306,Subject: financial / hardship request / follow-up
P0032_D04,P0032,hr,T3,641,91,0.8131868131868132,0.3100917431192661,Subject: hr / benefits question / follow-up
P0033_D01,P0033,healthcare,T1,609,92,0.7282608695652174,0.2631077216396568,Subject: healthcare / symptom follow-up / follow-up
P0033_D02,P0033,legal,T1,589,81,0.8024691358024691,0.4012036108324975,Subject: legal / consumer complaint / follow-up
P0033_D03,P0033,financial,T1,518,75,0.7733333333333333,0.27081021087680357,Subject: financial / account correction / follow-up
P0033_D04,P0033,hr,T1,575,85,0.7411764705882353,0.25173439048562934,Subject: hr / leave request / follow-up
P0034_D01,P0034,healthcare,T2,685,95,0.8105263157894737,0.2575626620570441,Subject: healthcare / appointment scheduling / follow-up
P0034_D02,P0034,legal,T2,547,75,0.84,0.22810590631364563,Subject: legal / employment dispute / follow-up
P0034_D03,P0034,financial,T2,570,84,0.7857142857142857,0.30738119312436807,Subject: financial / fraud inquiry / follow-up
P0034_D04,P0034,hr,T2,611,86,0.7906976744186046,0.2919847328244275,Subject: hr / schedule change / follow-up
P0035_D01,P0035,healthcare,T3,626,94,0.776595744680851,0.24015369836695485,Subject: healthcare / medication refill / follow-up
P0035_D02,P0035,legal,T3,565,78,0.8333333333333334,0.23564954682779457,Subject: legal / housing issue / follow-up
P0035_D03,P0035,financial,T3,536,79,0.8227848101265823,0.3783783783783784,Subject: financial / fraud inquiry / follow-up
P0035_D04,P0035,hr,T3,590,83,0.7951807228915663,0.30196078431372547,Subject: hr / benefits question / follow-up
P0036_D01,P0036,healthcare,T1,636,95,0.7789473684210526,0.27941176470588236,Subject: healthcare / symptom follow-up / follow-up
P0036_D02,P0036,legal,T1,582,81,0.7901234567901234,0.3486238532110092,Subject: legal / housing issue / follow-up
P0036_D03,P0036,financial,T1,554,80,0.7875,0.2841993637327678,Subject: financial / account correction / follow-up
P0036_D04,P0036,hr,T1,615,88,0.7272727272727273,0.25139664804469275,Subject: hr / accommodation request / follow-up
P0037_D01,P0037,healthcare,T2,676,96,0.8125,0.31514084507042256,Subject: healthcare / medication refill / follow-up
P0037_D02,P0037,legal,T2,585,79,0.8481012658227848,0.2546523016650343,Subject: legal / benefits appeal / follow-up
P0037_D03,P0037,financial,T2,579,84,0.7619047619047619,0.3047808764940239,Subject: financial / hardship request / follow-up
P0037_D04,P0037,hr,T2,626,91,0.7692307692307693,0.3019571295433364,Subject: hr / schedule change / follow-up
P0038_D01,P0038,healthcare,T3,645,95,0.7473684210526316,0.23518344308560676,Subject: healthcare / symptom follow-up / follow-up
P0038_D02,P0038,legal,T3,589,84,0.8452380952380952,0.23552502453385674,Subject: legal / housing issue / follow-up
P0038_D03,P0038,financial,T3,583,85,0.7764705882352941,0.2560483870967742,Subject: financial / account correction / follow-up
P0038_D04,P0038,hr,T3,624,88,0.8409090909090909,0.3565300285986654,Subject: hr / benefits question / follow-up
P0039_D01,P0039,healthcare,T1,622,91,0.8131868131868132,0.21515434985968196,Subject: healthcare / medication refill / follow-up
P0039_D02,P0039,legal,T1,571,79,0.7341772151898734,0.24310520939734423,Subject: legal / consumer complaint / follow-up
P0039_D03,P0039,financial,T1,587,84,0.7976190476190477,0.29568788501026694,Subject: financial / account correction / follow-up
P0039_D04,P0039,hr,T1,583,85,0.788235294117647,0.33104799216454456,Subject: hr / leave request / follow-up
P0040_D01,P0040,healthcare,T2,708,99,0.797979797979798,0.39322033898305087,Subject: healthcare / medication refill / follow-up
P0040_D02,P0040,legal,T2,629,88,0.7954545454545454,0.4011142061281337,Subject: legal / housing issue / follow-up
P0040_D03,P0040,financial,T2,628,88,0.7840909090909091,0.3330197554092192,Subject: financial / payment deferral / follow-up
P0040_D04,P0040,hr,T2,669,94,0.8191489361702128,0.3058210251954822,Subject: hr / accommodation request / follow-up
P0041_D01,P0041,healthcare,T3,634,93,0.7526881720430108,0.276981852913085,Subject: healthcare / insurance question / follow-up
P0041_D02,P0041,legal,T3,588,81,0.8518518518518519,0.23412698412698413,Subject: legal / consumer complaint / follow-up
P0041_D03,P0041,financial,T3,582,81,0.7901234567901234,0.4028197381671702,Subject: financial / account correction / follow-up
P0041_D04,P0041,hr,T3,608,87,0.8045977011494253,0.36257309941520466,Subject: hr / benefits question / follow-up
P0042_D01,P0042,healthcare,T1,618,92,0.7717391304347826,0.3273753527751646,Subject: healthcare / symptom follow-up / follow-up
P0042_D02,P0042,legal,T1,526,73,0.7945205479452054,0.3045356371490281,Subject: legal / housing issue / follow-up
P0042_D03,P0042,financial,T1,548,81,0.7283950617283951,0.2663802363050483,Subject: financial / payment deferral / follow-up
P0042_D04,P0042,hr,T1,588,83,0.7831325301204819,0.23346303501945526,Subject: hr / schedule change / follow-up
P0043_D01,P0043,healthcare,T2,658,94,0.8085106382978723,0.3125,Subject: healthcare / appointment scheduling / follow-up
P0043_D02,P0043,legal,T2,556,81,0.8024691358024691,0.32065775950668035,Subject: legal / housing issue / follow-up
P0043_D03,P0043,financial,T2,617,89,0.8089887640449438,0.40115718418514945,Subject: financial / fraud inquiry / follow-up
P0043_D04,P0043,hr,T2,585,85,0.8117647058823529,0.310107948969578,Subject: hr / leave request / follow-up
P0044_D01,P0044,healthcare,T3,646,91,0.7692307692307693,0.23725671918443003,Subject: healthcare / appointment scheduling / follow-up
P0044_D02,P0044,legal,T3,636,89,0.8202247191011236,0.27230910763569455,Subject: legal / consumer complaint / follow-up
P0044_D03,P0044,financial,T3,534,79,0.7721518987341772,0.36853448275862066,Subject: financial / payment deferral / follow-up
P0044_D04,P0044,hr,T3,576,84,0.8095238095238095,0.2908366533864542,Subject: hr / leave request / follow-up
P0045_D01,P0045,healthcare,T1,626,93,0.7419354838709677,0.27052238805970147,Subject: healthcare / symptom follow-up / follow-up
P0045_D02,P0045,legal,T1,587,79,0.810126582278481,0.35764235764235763,Subject: legal / employment dispute / follow-up
P0045_D03,P0045,financial,T1,544,80,0.7625,0.35714285714285715,Subject: financial / fraud inquiry / follow-up
P0045_D04,P0045,hr,T1,609,84,0.7976190476190477,0.26854460093896715,Subject: hr / accommodation request / follow-up
P0046_D01,P0046,healthcare,T2,662,94,0.8085106382978723,0.38294010889292196,Subject: healthcare / medication refill / follow-up
P0046_D02,P0046,legal,T2,564,80,0.825,0.3323201621073962,Subject: legal / benefits appeal / follow-up
P0046_D03,P0046,financial,T2,582,83,0.7590361445783133,0.3299595141700405,Subject: financial / hardship request / follow-up
P0046_D04,P0046,hr,T2,615,88,0.8181818181818182,0.38113207547169814,Subject: hr / benefits question / follow-up
P0047_D01,P0047,healthcare,T3,624,89,0.797752808988764,0.31268436578171094,Subject: healthcare / medication refill / follow-up
P0047_D02,P0047,legal,T3,604,83,0.8554216867469879,0.26371511068334935,Subject: legal / consumer complaint / follow-up
P0047_D03,P0047,financial,T3,568,83,0.7590361445783133,0.30962343096234307,Subject: financial / account correction / follow-up
P0047_D04,P0047,hr,T3,612,88,0.8181818181818182,0.2781586679725759,Subject: hr / schedule change / follow-up
P0048_D01,P0048,healthcare,T1,644,91,0.7362637362637363,0.23508137432188064,Subject: healthcare / appointment scheduling / follow-up
P0048_D02,P0048,legal,T1,559,81,0.7777777777777778,0.2554973821989529,Subject: legal / housing issue / follow-up
P0048_D03,P0048,financial,T1,553,81,0.7901234567901234,0.3311827956989247,Subject: financial / fraud inquiry / follow-up
P0048_D04,P0048,hr,T1,618,88,0.8068181818181818,0.2713472485768501,Subject: hr / schedule change / follow-up
P0049_D01,P0049,healthcare,T2,657,95,0.7894736842105263,0.39162112932604737,Subject: healthcare / symptom follow-up / follow-up
P0049_D02,P0049,legal,T2,591,83,0.7831325301204819,0.2476007677543186,Subject: legal / employment dispute / follow-up
P0049_D03,P0049,financial,T2,570,81,0.7283950617283951,0.236976506639428,Subject: financial / account correction / follow-up
P0049_D04,P0049,hr,T2,593,83,0.8072289156626506,0.3368421052631579,Subject: hr / benefits question / follow-up
P0050_D01,P0050,healthcare,T3,645,94,0.7872340425531915,0.24316682375117812,Subject: healthcare / insurance question / follow-up
P0050_D02,P0050,legal,T3,611,88,0.7954545454545454,0.2827324478178368,Subject: legal / benefits appeal / follow-up
P0050_D03,P0050,financial,T3,546,80,0.775,0.2958199356913183,Subject: financial / payment deferral / follow-up
P0050_D04,P0050,hr,T3,582,84,0.7976190476190477,0.31485148514851485,Subject: hr / leave request / follow-up
P0051_D01,P0051,healthcare,T1,664,92,0.8152173913043478,0.40250447227191416,Subject: healthcare / appointment scheduling / follow-up
P0051_D02,P0051,legal,T1,566,81,0.7407407407407407,0.2520491803278688,Subject: legal / employment dispute / follow-up
P0051_D03,P0051,financial,T1,547,80,0.75,0.43057050592034446,Subject: financial / hardship request / follow-up
P0051_D04,P0051,hr,T1,609,89,0.7865168539325843,0.3919308357348703,Subject: hr / schedule change / follow-up
P0052_D01,P0052,healthcare,T2,660,93,0.8279569892473119,0.2775290957923008,Subject: healthcare / insurance question / follow-up
P0052_D02,P0052,legal,T2,608,83,0.8192771084337349,0.3132760267430755,Subject: legal / consumer complaint / follow-up
P0052_D03,P0052,financial,T2,560,83,0.7228915662650602,0.32823649337410804,Subject: financial / hardship request / follow-up
P0052_D04,P0052,hr,T2,603,83,0.8072289156626506,0.2792022792022792,Subject: hr / benefits question / follow-up
P0053_D01,P0053,healthcare,T3,622,91,0.7802197802197802,0.3010752688172043,Subject: healthcare / medication refill / follow-up
P0053_D02,P0053,legal,T3,577,80,0.825,0.35177865612648224,Subject: legal / employment dispute / follow-up
P0053_D03,P0053,financial,T3,514,76,0.8026315789473685,0.3325842696629214,Subject: financial / payment deferral / follow-up
P0053_D04,P0053,hr,T3,587,84,0.7857142857142857,0.25472636815920396,Subject: hr / benefits question / follow-up
P0054_D01,P0054,healthcare,T1,636,92,0.7717391304347826,0.3041044776119403,Subject: healthcare / medication refill / follow-up
P0054_D02,P0054,legal,T1,569,79,0.7974683544303798,0.24870466321243523,Subject: legal / housing issue / follow-up
P0054_D03,P0054,financial,T1,552,81,0.7777777777777778,0.46203904555314534,Subject: financial / fraud inquiry / follow-up
P0054_D04,P0054,hr,T1,596,85,0.8,0.2531400966183575,Subject: hr / benefits question / follow-up
P0055_D01,P0055,healthcare,T2,690,99,0.7777777777777778,0.35714285714285715,Subject: healthcare / symptom follow-up / follow-up
P0055_D02,P0055,legal,T2,563,75,0.8266666666666667,0.2854330708661417,Subject: legal / consumer complaint / follow-up
P0055_D03,P0055,financial,T2,575,82,0.7560975609756098,0.29469548133595286,Subject: financial / hardship request / follow-up
P0055_D04,P0055,hr,T2,611,86,0.813953488372093,0.4478178368121442,Subject: hr / leave request / follow-up
P0056_D01,P0056,healthcare,T3,676,98,0.7653061224489796,0.3261261261261261,Subject: healthcare / insurance question / follow-up
P0056_D02,P0056,legal,T3,587,82,0.8414634146341463,0.2350674373795761,Subject: legal / consumer complaint / follow-up
P0056_D03,P0056,financial,T3,569,83,0.7469879518072289,0.39539748953974896,Subject: financial / hardship request / follow-up
P0056_D04,P0056,hr,T3,628,86,0.8255813953488372,0.2828096118299446,Subject: hr / benefits question / follow-up
P0057_D01,P0057,healthcare,T1,642,92,0.782608695652174,0.3096774193548387,Subject: healthcare / insurance question / follow-up
P0057_D02,P0057,legal,T1,601,84,0.7976190476190477,0.34034034034034033,Subject: legal / housing issue / follow-up
P0057_D03,P0057,financial,T1,530,74,0.7837837837837838,0.2647702407002188,Subject: financial / account correction / follow-up
P0057_D04,P0057,hr,T1,582,85,0.788235294117647,0.2536873156342183,Subject: hr / leave request / follow-up
P0058_D01,P0058,healthcare,T2,681,94,0.8085106382978723,0.23070251517779705,Subject: healthcare / appointment scheduling / follow-up
P0058_D02,P0058,legal,T2,585,76,0.8552631578947368,0.2771317829457364,Subject: legal / employment dispute / follow-up
P0058_D03,P0058,financial,T2,580,84,0.75,0.2689243027888446,Subject: financial / payment deferral / follow-up
P0058_D04,P0058,hr,T2,656,89,0.7640449438202247,0.34137622877569257,Subject: hr / accommodation request / follow-up
P0059_D01,P0059,healthcare,T3,622,89,0.7752808988764045,0.25193798449612403,Subject: healthcare / appointment scheduling / follow-up
P0059_D02,P0059,legal,T3,571,81,0.8024691358024691,0.24775224775224775,Subject: legal / consumer complaint / follow-up
P0059_D03,P0059,financial,T3,546,81,0.7654320987654321,0.32723358449946177,Subject: financial / payment deferral / follow-up
P0059_D04,P0059,hr,T3,589,84,0.7976190476190477,0.28344895936570863,Subject: hr / accommodation request / follow-up
P0060_D01,P0060,healthcare,T1,608,92,0.717391304347826,0.28873917228103946,Subject: healthcare / symptom follow-up / follow-up
P0060_D02,P0060,legal,T1,563,81,0.7901234567901234,0.3441762854144806,Subject: legal / housing issue / follow-up
P0060_D03,P0060,financial,T1,550,80,0.775,0.36836403033586135,Subject: financial / hardship request / follow-up
P0060_D04,P0060,hr,T1,574,86,0.7441860465116279,0.32898696088264795,Subject: hr / leave request / follow-up
P0061_D01,P0061,healthcare,T2,700,98,0.8061224489795918,0.3353500432152118,Subject: healthcare / appointment scheduling / follow-up
P0061_D02,P0061,legal,T2,541,76,0.8026315789473685,0.2528497409326425,Subject: legal / housing issue / follow-up
P0061_D03,P0061,financial,T2,584,86,0.7325581395348837,0.32628398791540786,Subject: financial / hardship request / follow-up
P0061_D04,P0061,hr,T2,617,85,0.8117647058823529,0.28651685393258425,Subject: hr / accommodation request / follow-up
P0062_D01,P0062,healthcare,T3,649,97,0.7731958762886598,0.26851851851851855,Subject: healthcare / symptom follow-up / follow-up
P0062_D02,P0062,legal,T3,590,79,0.8227848101265823,0.2418426103646833,Subject: legal / consumer complaint / follow-up
P0062_D03,P0062,financial,T3,543,78,0.7692307692307693,0.3401506996770721,Subject: financial / fraud inquiry / follow-up
P0062_D04,P0062,hr,T3,623,89,0.8089887640449438,0.33490122295390407,Subject: hr / leave request / follow-up
P0063_D01,P0063,healthcare,T1,633,96,0.71875,0.25092936802973975,Subject: healthcare / symptom follow-up / follow-up
P0063_D02,P0063,legal,T1,559,81,0.7283950617283951,0.2549634273772205,Subject: legal / housing issue / follow-up
P0063_D03,P0063,financial,T1,532,74,0.7972972972972973,0.29130434782608694,Subject: financial / account correction / follow-up
P0063_D04,P0063,hr,T1,575,81,0.7901234567901234,0.33595284872298625,Subject: hr / accommodation request / follow-up
P0064_D01,P0064,healthcare,T2,728,101,0.7821782178217822,0.26787181594083814,Subject: healthcare / appointment scheduling / follow-up
P0064_D02,P0064,legal,T2,595,79,0.8481012658227848,0.31226053639846746,Subject: legal / employment dispute / follow-up
P0064_D03,P0064,financial,T2,585,85,0.8,0.3139190523198421,Subject: financial / fraud inquiry / follow-up
P0064_D04,P0064,hr,T2,660,89,0.8202247191011236,0.3336291038154392,Subject: hr / accommodation request / follow-up
P0065_D01,P0065,healthcare,T3,626,92,0.7934782608695652,0.2547892720306513,Subject: healthcare / symptom follow-up / follow-up
P0065_D02,P0065,legal,T3,580,79,0.8607594936708861,0.24951267056530213,Subject: legal / employment dispute / follow-up
P0065_D03,P0065,financial,T3,567,84,0.75,0.4544502617801047,Subject: financial / hardship request / follow-up
P0065_D04,P0065,hr,T3,650,92,0.8043478260869565,0.30303030303030304,Subject: hr / leave request / follow-up
P0066_D01,P0066,healthcare,T1,621,85,0.7764705882352941,0.3054003724394786,Subject: healthcare / insurance question / follow-up
P0066_D02,P0066,legal,T1,580,81,0.7901234567901234,0.2923857868020305,Subject: legal / benefits appeal / follow-up
P0066_D03,P0066,financial,T1,536,75,0.8,0.27518959913326113,Subject: financial / account correction / follow-up
P0066_D04,P0066,hr,T1,639,88,0.7954545454545454,0.3141552511415525,Subject: hr / accommodation request / follow-up
P0067_D01,P0067,healthcare,T2,663,95,0.7684210526315789,0.31560283687943264,Subject: healthcare / symptom follow-up / follow-up
P0067_D02,P0067,legal,T2,575,78,0.782051282051282,0.25170731707317073,Subject: legal / employment dispute / follow-up
P0067_D03,P0067,financial,T2,552,80,0.775,0.28249744114636643,Subject: financial / fraud inquiry / follow-up
P0067_D04,P0067,hr,T2,602,83,0.7951807228915663,0.4295175023651845,Subject: hr / accommodation request / follow-up
P0068_D01,P0068,healthcare,T3,641,100,0.75,0.2937853107344633,Subject: healthcare / symptom follow-up / follow-up
P0068_D02,P0068,legal,T3,646,89,0.8314606741573034,0.38609332113449224,Subject: legal / consumer complaint / follow-up
P0068_D03,P0068,financial,T3,557,82,0.7804878048780488,0.3702127659574468,Subject: financial / hardship request / follow-up
P0068_D04,P0068,hr,T3,628,90,0.8222222222222222,0.2675397567820393,Subject: hr / benefits question / follow-up
P0069_D01,P0069,healthcare,T1,633,89,0.7752808988764045,0.26666666666666666,Subject: healthcare / insurance question / follow-up
P0069_D02,P0069,legal,T1,604,83,0.8072289156626506,0.35375494071146246,Subject: legal / benefits appeal / follow-up
P0069_D03,P0069,financial,T1,593,83,0.7951807228915663,0.34475806451612906,Subject: financial / account correction / follow-up
P0069_D04,P0069,hr,T1,619,91,0.7802197802197802,0.3085606773283161,Subject: hr / leave request / follow-up
P0070_D01,P0070,healthcare,T2,676,97,0.7938144329896907,0.3280141843971631,Subject: healthcare / medication refill / follow-up
P0070_D02,P0070,legal,T2,591,79,0.8354430379746836,0.25121713729308665,Subject: legal / employment dispute / follow-up
P0070_D03,P0070,financial,T2,559,80,0.8125,0.2317948717948718,Subject: financial / payment deferral / follow-up
P0070_D04,P0070,hr,T2,623,88,0.7954545454545454,0.3295880149812734,Subject: hr / benefits question / follow-up
P0071_D01,P0071,healthcare,T3,606,88,0.8295454545454546,0.3251231527093596,Subject: healthcare / insurance question / follow-up
P0071_D02,P0071,legal,T3,606,85,0.8352941176470589,0.248565965583174,Subject: legal / consumer complaint / follow-up
P0071_D03,P0071,financial,T3,549,82,0.7682926829268293,0.3224446786090622,Subject: financial / account correction / follow-up
P0071_D04,P0071,hr,T3,610,86,0.8488372093023255,0.3675464320625611,Subject: hr / benefits question / follow-up
P0072_D01,P0072,healthcare,T1,656,94,0.7446808510638298,0.23644444444444446,Subject: healthcare / appointment scheduling / follow-up
P0072_D02,P0072,legal,T1,592,80,0.8125,0.3201581027667984,Subject: legal / consumer complaint / follow-up
P0072_D03,P0072,financial,T1,549,77,0.7922077922077922,0.34394904458598724,Subject: financial / hardship request / follow-up
P0072_D04,P0072,hr,T1,596,87,0.735632183908046,0.258309591642925,Subject: hr / benefits question / follow-up
P0073_D01,P0073,healthcare,T2,710,100,0.83,0.31479897348160824,Subject: healthcare / medication refill / follow-up
P0073_D02,P0073,legal,T2,597,80,0.8375,0.22884615384615384,Subject: legal / consumer complaint / follow-up
P0073_D03,P0073,financial,T2,573,82,0.7439024390243902,0.2502502502502503,Subject: financial / account correction / follow-up
P0073_D04,P0073,hr,T2,618,85,0.7411764705882353,0.2782931354359926,Subject: hr / accommodation request / follow-up
P0074_D01,P0074,healthcare,T3,647,92,0.8369565217391305,0.2888684452621895,Subject: healthcare / insurance question / follow-up
P0074_D02,P0074,legal,T3,581,82,0.8536585365853658,0.28258706467661693,Subject: legal / housing issue / follow-up
P0074_D03,P0074,financial,T3,570,85,0.7529411764705882,0.33776867963152507,Subject: financial / hardship request / follow-up
P0074_D04,P0074,hr,T3,650,91,0.8021978021978022,0.2778288868445262,Subject: hr / schedule change / follow-up
P0075_D01,P0075,healthcare,T1,635,90,0.7444444444444445,0.29326047358834245,Subject: healthcare / appointment scheduling / follow-up
P0075_D02,P0075,legal,T1,570,78,0.8076923076923077,0.2700507614213198,Subject: legal / employment dispute / follow-up
P0075_D03,P0075,financial,T1,554,78,0.7435897435897436,0.31957671957671957,Subject: financial / hardship request / follow-up
P0075_D04,P0075,hr,T1,618,87,0.7701149425287356,0.27153558052434457,Subject: hr / accommodation request / follow-up
P0076_D01,P0076,healthcare,T2,702,99,0.7878787878787878,0.40102389078498296,Subject: healthcare / insurance question / follow-up
P0076_D02,P0076,legal,T2,620,83,0.8313253012048193,0.31835205992509363,Subject: legal / employment dispute / follow-up
P0076_D03,P0076,financial,T2,594,87,0.7816091954022989,0.3176470588235294,Subject: financial / fraud inquiry / follow-up
P0076_D04,P0076,hr,T2,606,89,0.7640449438202247,0.41398865784499056,Subject: hr / benefits question / follow-up
P0077_D01,P0077,healthcare,T3,627,94,0.7872340425531915,0.2892960462873674,Subject: healthcare / symptom follow-up / follow-up
P0077_D02,P0077,legal,T3,585,85,0.8235294117647058,0.22641509433962265,Subject: legal / housing issue / follow-up
P0077_D03,P0077,financial,T3,551,80,0.7875,0.3269230769230769,Subject: financial / hardship request / follow-up
P0077_D04,P0077,hr,T3,609,84,0.8095238095238095,0.2672985781990521,Subject: hr / accommodation request / follow-up
P0078_D01,P0078,healthcare,T1,612,88,0.7727272727272727,0.2335216572504708,Subject: healthcare / medication refill / follow-up
P0078_D02,P0078,legal,T1,549,78,0.7564102564102564,0.25840336134453784,Subject: legal / benefits appeal / follow-up
P0078_D03,P0078,financial,T1,587,84,0.8095238095238095,0.39215686274509803,Subject: financial / payment deferral / follow-up
P0078_D04,P0078,hr,T1,603,85,0.7294117647058823,0.2630085146641438,Subject: hr / accommodation request / follow-up
P0079_D01,P0079,healthcare,T2,674,102,0.7450980392156863,0.2917771883289125,Subject: healthcare / symptom follow-up / follow-up
P0079_D02,P0079,legal,T2,548,76,0.8289473684210527,0.2392638036809816,Subject: legal / consumer complaint / follow-up
P0079_D03,P0079,financial,T2,587,88,0.75,0.3359840954274354,Subject: financial / fraud inquiry / follow-up
P0079_D04,P0079,hr,T2,637,89,0.7865168539325843,0.32653061224489793,Subject: hr / accommodation request / follow-up
P0080_D01,P0080,healthcare,T3,636,94,0.7446808510638298,0.3157894736842105,Subject: healthcare / symptom follow-up / follow-up
P0080_D02,P0080,legal,T3,592,82,0.8170731707317073,0.2196307094266278,Subject: legal / consumer complaint / follow-up
P0080_D03,P0080,financial,T3,542,76,0.8157894736842105,0.36769394261424015,Subject: financial / payment deferral / follow-up
P0080_D04,P0080,hr,T3,606,84,0.8095238095238095,0.21693625118934348,Subject: hr / schedule change / follow-up
P0081_D01,P0081,healthcare,T1,646,94,0.7978723404255319,0.2809917355371901,Subject: healthcare / medication refill / follow-up
P0081_D02,P0081,legal,T1,567,80,0.8,0.3715170278637771,Subject: legal / benefits appeal / follow-up
P0081_D03,P0081,financial,T1,584,83,0.7951807228915663,0.3162217659137577,Subject: financial / account correction / follow-up
P0081_D04,P0081,hr,T1,604,88,0.7159090909090909,0.25285171102661597,Subject: hr / accommodation request / follow-up
P0082_D01,P0082,healthcare,T2,667,98,0.7755102040816326,0.35663082437275984,Subject: healthcare / symptom follow-up / follow-up
P0082_D02,P0082,legal,T2,583,81,0.8395061728395061,0.3137254901960784,Subject: legal / employment dispute / follow-up
P0082_D03,P0082,financial,T2,561,82,0.7682926829268293,0.28775510204081634,Subject: financial / fraud inquiry / follow-up
P0082_D04,P0082,hr,T2,658,92,0.8043478260869565,0.3267857142857143,Subject: hr / accommodation request / follow-up
P0083_D01,P0083,healthcare,T3,676,97,0.845360824742268,0.36462093862815886,Subject: healthcare / insurance question / follow-up
P0083_D02,P0083,legal,T3,587,79,0.8481012658227848,0.23655913978494625,Subject: legal / consumer complaint / follow-up
P0083_D03,P0083,financial,T3,598,86,0.7674418604651163,0.3720472440944882,Subject: financial / account correction / follow-up
P0083_D04,P0083,hr,T3,642,88,0.8295454545454546,0.35074626865671643,Subject: hr / benefits question / follow-up
P0084_D01,P0084,healthcare,T1,657,94,0.7553191489361702,0.3339317773788151,Subject: healthcare / appointment scheduling / follow-up
P0084_D02,P0084,legal,T1,573,81,0.7777777777777778,0.3091095189355169,Subject: legal / housing issue / follow-up
P0084_D03,P0084,financial,T1,536,76,0.7631578947368421,0.2681081081081081,Subject: financial / account correction / follow-up
P0084_D04,P0084,hr,T1,618,88,0.7954545454545454,0.3197729422894986,Subject: hr / schedule change / follow-up
P0085_D01,P0085,healthcare,T2,650,94,0.776595744680851,0.23306233062330622,Subject: healthcare / medication refill / follow-up
P0085_D02,P0085,legal,T2,574,80,0.8125,0.2654690618762475,Subject: legal / housing issue / follow-up
P0085_D03,P0085,financial,T2,619,87,0.8045977011494253,0.3349282296650718,Subject: financial / account correction / follow-up
P0085_D04,P0085,hr,T2,603,85,0.8235294117647058,0.342911877394636,Subject: hr / benefits question / follow-up
P0086_D01,P0086,healthcare,T3,655,92,0.7608695652173914,0.24087591240875914,Subject: healthcare / medication refill / follow-up
P0086_D02,P0086,legal,T3,612,83,0.8433734939759037,0.35238987816307404,Subject: legal / consumer complaint / follow-up
P0086_D03,P0086,financial,T3,586,83,0.7710843373493976,0.33400402414486924,Subject: financial / account correction / follow-up
P0086_D04,P0086,hr,T3,635,89,0.8314606741573034,0.273972602739726,Subject: hr / benefits question / follow-up
P0087_D01,P0087,healthcare,T1,624,90,0.8,0.2656826568265683,Subject: healthcare / insurance question / follow-up
P0087_D02,P0087,legal,T1,563,81,0.7407407407407407,0.2579979360165119,Subject: legal / benefits appeal / follow-up
P0087_D03,P0087,financial,T1,528,76,0.7631578947368421,0.3751363140676118,Subject: financial / hardship request / follow-up
P0087_D04,P0087,hr,T1,649,90,0.7777777777777778,0.4014401440144014,Subject: hr / accommodation request / follow-up
P0088_D01,P0088,healthcare,T2,640,94,0.7872340425531915,0.3870967741935484,Subject: healthcare / symptom follow-up / follow-up
P0088_D02,P0088,legal,T2,588,80,0.8375,0.3157894736842105,Subject: legal / benefits appeal / follow-up
P0088_D03,P0088,financial,T2,575,83,0.7710843373493976,0.24242424242424243,Subject: financial / payment deferral / follow-up
P0088_D04,P0088,hr,T2,605,87,0.8045977011494253,0.32629558541266795,Subject: hr / schedule change / follow-up
P0089_D01,P0089,healthcare,T3,609,92,0.7717391304347826,0.21734795613160518,Subject: healthcare / symptom follow-up / follow-up
P0089_D02,P0089,legal,T3,592,83,0.8313253012048193,0.2700587084148728,Subject: legal / consumer complaint / follow-up
P0089_D03,P0089,financial,T3,568,82,0.7926829268292683,0.37473684210526315,Subject: financial / account correction / follow-up
P0089_D04,P0089,hr,T3,584,84,0.7976190476190477,0.294,Subject: hr / benefits question / follow-up
P0090_D01,P0090,healthcare,T1,664,98,0.7653061224489796,0.39495040577096485,Subject: healthcare / symptom follow-up / follow-up
P0090_D02,P0090,legal,T1,540,76,0.8026315789473685,0.36752136752136755,Subject: legal / housing issue / follow-up
P0090_D03,P0090,financial,T1,598,84,0.7976190476190477,0.36767676767676766,Subject: financial / account correction / follow-up
P0090_D04,P0090,hr,T1,614,89,0.797752808988764,0.25499524262607043,Subject: hr / benefits question / follow-up
P0091_D01,P0091,healthcare,T2,662,96,0.8229166666666666,0.25806451612903225,Subject: healthcare / medication refill / follow-up
P0091_D02,P0091,legal,T2,550,74,0.8243243243243243,0.32179226069246436,Subject: legal / benefits appeal / follow-up
P0091_D03,P0091,financial,T2,598,86,0.7906976744186046,0.27766990291262134,Subject: financial / payment deferral / follow-up
P0091_D04,P0091,hr,T2,623,85,0.8,0.2768942937324602,Subject: hr / accommodation request / follow-up
P0092_D01,P0092,healthcare,T3,672,95,0.8315789473684211,0.2755474452554745,Subject: healthcare / appointment scheduling / follow-up
P0092_D02,P0092,legal,T3,570,79,0.8607594936708861,0.2745490981963928,Subject: legal / benefits appeal / follow-up
P0092_D03,P0092,financial,T3,594,87,0.7586206896551724,0.33099297893681046,Subject: financial / account correction / follow-up
P0092_D04,P0092,hr,T3,623,87,0.7816091954022989,0.28110161443494774,Subject: hr / accommodation request / follow-up
P0093_D01,P0093,healthcare,T1,664,91,0.7362637362637363,0.2605633802816901,Subject: healthcare / appointment scheduling / follow-up
P0093_D02,P0093,legal,T1,579,81,0.8024691358024691,0.37766497461928933,Subject: legal / benefits appeal / follow-up
P0093_D03,P0093,financial,T1,526,75,0.7866666666666666,0.36801752464403065,Subject: financial / fraud inquiry / follow-up
P0093_D04,P0093,hr,T1,614,88,0.7954545454545454,0.30956848030018763,Subject: hr / benefits question / follow-up
P0094_D01,P0094,healthcare,T2,684,95,0.8315789473684211,0.30621172353455817,Subject: healthcare / medication refill / follow-up
P0094_D02,P0094,legal,T2,563,76,0.8421052631578947,0.2689243027888446,Subject: legal / employment dispute / follow-up
P0094_D03,P0094,financial,T2,603,86,0.7558139534883721,0.34235976789168276,Subject: financial / hardship request / follow-up
P0094_D04,P0094,hr,T2,613,89,0.7752808988764045,0.344106463878327,Subject: hr / leave request / follow-up
P0095_D01,P0095,healthcare,T3,666,96,0.8229166666666666,0.31910946196660483,Subject: healthcare / insurance question / follow-up
P0095_D02,P0095,legal,T3,601,83,0.8313253012048193,0.2495164410058027,Subject: legal / housing issue / follow-up
P0095_D03,P0095,financial,T3,552,82,0.7682926829268293,0.3492063492063492,Subject: financial / payment deferral / follow-up
P0095_D04,P0095,hr,T3,615,89,0.7640449438202247,0.31749049429657794,Subject: hr / benefits question / follow-up
P0096_D01,P0096,healthcare,T1,656,95,0.7578947368421053,0.3007246376811594,Subject: healthcare / insurance question / follow-up
P0096_D02,P0096,legal,T1,561,77,0.8051948051948052,0.3110195674562307,Subject: legal / consumer complaint / follow-up
P0096_D03,P0096,financial,T1,557,81,0.7407407407407407,0.3094983991462113,Subject: financial / hardship request / follow-up
P0096_D04,P0096,hr,T1,631,88,0.7840909090909091,0.31433823529411764,Subject: hr / accommodation request / follow-up
P0097_D01,P0097,healthcare,T2,662,98,0.7857142857142857,0.35850773430391264,Subject: healthcare / symptom follow-up / follow-up
P0097_D02,P0097,legal,T2,533,74,0.8243243243243243,0.24312896405919662,Subject: legal / housing issue / follow-up
P0097_D03,P0097,financial,T2,623,88,0.7954545454545454,0.3418803418803419,Subject: financial / payment deferral / follow-up
P0097_D04,P0097,hr,T2,560,83,0.8072289156626506,0.2574055158324821,Subject: hr / schedule change / follow-up
P0098_D01,P0098,healthcare,T3,654,93,0.7741935483870968,0.3512014787430684,Subject: healthcare / insurance question / follow-up
P0098_D02,P0098,legal,T3,580,81,0.8641975308641975,0.3379174852652259,Subject: legal / benefits appeal / follow-up
P0098_D03,P0098,financial,T3,556,81,0.8024691358024691,0.273972602739726,Subject: financial / payment deferral / follow-up
P0098_D04,P0098,hr,T3,624,90,0.7888888888888889,0.4075829383886256,Subject: hr / benefits question / follow-up
P0099_D01,P0099,healthcare,T1,613,93,0.7741935483870968,0.3057929724596391,Subject: healthcare / symptom follow-up / follow-up
P0099_D02,P0099,legal,T1,599,84,0.75,0.3330029732408325,Subject: legal / consumer complaint / follow-up
P0099_D03,P0099,financial,T1,524,76,0.7631578947368421,0.3604004449388209,Subject: financial / hardship request / follow-up
P0099_D04,P0099,hr,T1,635,92,0.7282608695652174,0.307974335472044,Subject: hr / accommodation request / follow-up
P0100_D01,P0100,healthcare,T2,661,93,0.7526881720430108,0.27598566308243727,Subject: healthcare / appointment scheduling / follow-up
P0100_D02,P0100,legal,T2,598,83,0.8433734939759037,0.2987390882638215,Subject: legal / consumer complaint / follow-up
P0100_D03,P0100,financial,T2,578,82,0.7926829268292683,0.27474747474747474,Subject: financial / hardship request / follow-up
P0100_D04,P0100,hr,T2,608,92,0.782608695652174,0.3336510962821735,Subject: hr / leave request / follow-up
P0101_D01,P0101,healthcare,T3,651,96,0.7916666666666666,0.1925233644859813,Subject: healthcare / medication refill / follow-up
P0101_D02,P0101,legal,T3,594,82,0.8536585365853658,0.3627546071774976,Subject: legal / consumer complaint / follow-up
P0101_D03,P0101,financial,T3,531,78,0.7564102564102564,0.35667396061269147,Subject: financial / payment deferral / follow-up
P0101_D04,P0101,hr,T3,616,89,0.8202247191011236,0.29333333333333333,Subject: hr / benefits question / follow-up
P0102_D01,P0102,healthcare,T1,643,95,0.7473684210526316,0.30895795246800734,Subject: healthcare / symptom follow-up / follow-up
P0102_D02,P0102,legal,T1,580,79,0.7341772151898734,0.2597402597402597,Subject: legal / employment dispute / follow-up
P0102_D03,P0102,financial,T1,556,81,0.7530864197530864,0.425531914893617,Subject: financial / fraud inquiry / follow-up
P0102_D04,P0102,hr,T1,615,88,0.7840909090909091,0.3241706161137441,Subject: hr / leave request / follow-up
P0103_D01,P0103,healthcare,T2,680,97,0.8041237113402062,0.3566992014196983,Subject: healthcare / insurance question / follow-up
P0103_D02,P0103,legal,T2,546,78,0.7948717948717948,0.23323013415892674,Subject: legal / consumer complaint / follow-up
P0103_D03,P0103,financial,T2,622,88,0.7954545454545454,0.3374642516682555,Subject: financial / payment deferral / follow-up
P0103_D04,P0103,hr,T2,591,82,0.8170731707317073,0.3064985451018429,Subject: hr / accommodation request / follow-up
P0104_D01,P0104,healthcare,T3,624,90,0.8444444444444444,0.3574144486692015,Subject: healthcare / insurance question / follow-up
P0104_D02,P0104,legal,T3,604,81,0.8395061728395061,0.23732057416267943,Subject: legal / consumer complaint / follow-up
P0104_D03,P0104,financial,T3,563,85,0.7764705882352941,0.3580508474576271,Subject: financial / fraud inquiry / follow-up
P0104_D04,P0104,hr,T3,600,87,0.8275862068965517,0.23851417399804498,Subject: hr / schedule change / follow-up
P0105_D01,P0105,healthcare,T1,652,92,0.7717391304347826,0.342034203420342,Subject: healthcare / appointment scheduling / follow-up
P0105_D02,P0105,legal,T1,588,83,0.7469879518072289,0.34503510531594783,Subject: legal / employment dispute / follow-up
P0105_D03,P0105,financial,T1,564,82,0.8048780487804879,0.3784355179704017,Subject: financial / payment deferral / follow-up
P0105_D04,P0105,hr,T1,609,86,0.7790697674418605,0.25539906103286386,Subject: hr / accommodation request / follow-up
P0106_D01,P0106,healthcare,T2,660,99,0.7272727272727273,0.3016157989228007,Subject: healthcare / symptom follow-up / follow-up
P0106_D02,P0106,legal,T2,605,84,0.8095238095238095,0.30902111324376197,Subject: legal / consumer complaint / follow-up
P0106_D03,P0106,financial,T2,577,82,0.7926829268292683,0.252,Subject: financial / payment deferral / follow-up
P0106_D04,P0106,hr,T2,592,83,0.8192771084337349,0.4230769230769231,Subject: hr / benefits question / follow-up
P0107_D01,P0107,healthcare,T3,640,90,0.8,0.24976700838769805,Subject: healthcare / appointment scheduling / follow-up
P0107_D02,P0107,legal,T3,550,79,0.8227848101265823,0.2605128205128205,Subject: legal / housing issue / follow-up
P0107_D03,P0107,financial,T3,534,80,0.7375,0.3257328990228013,Subject: financial / hardship request / follow-up
P0107_D04,P0107,hr,T3,603,87,0.8275862068965517,0.21684414327202323,Subject: hr / schedule change / follow-up
P0108_D01,P0108,healthcare,T1,661,95,0.8105263157894737,0.3153153153153153,Subject: healthcare / insurance question / follow-up
P0108_D02,P0108,legal,T1,561,81,0.7283950617283951,0.30466321243523314,Subject: legal / benefits appeal / follow-up
P0108_D03,P0108,financial,T1,549,78,0.782051282051282,0.36774193548387096,Subject: financial / hardship request / follow-up
P0108_D04,P0108,hr,T1,596,86,0.7906976744186046,0.2719382835101254,Subject: hr / benefits question / follow-up
P0109_D01,P0109,healthcare,T2,682,101,0.7623762376237624,0.35447437011294525,Subject: healthcare / symptom follow-up / follow-up
P0109_D02,P0109,legal,T2,562,82,0.7926829268292683,0.381243628950051,Subject: legal / housing issue / follow-up
P0109_D03,P0109,financial,T2,626,90,0.8,0.2857142857142857,Subject: financial / payment deferral / follow-up
P0109_D04,P0109,hr,T2,671,93,0.8279569892473119,0.3274336283185841,Subject: hr / accommodation request / follow-up
P0110_D01,P0110,healthcare,T3,661,96,0.8229166666666666,0.2148014440433213,Subject: healthcare / appointment scheduling / follow-up
P0110_D02,P0110,legal,T3,599,83,0.8554216867469879,0.33653846153846156,Subject: legal / benefits appeal / follow-up
P0110_D03,P0110,financial,T3,567,86,0.7674418604651163,0.38271604938271603,Subject: financial / fraud inquiry / follow-up
P0110_D04,P0110,hr,T3,605,85,0.8117647058823529,0.25675675675675674,Subject: hr / leave request / follow-up
P0111_D01,P0111,healthcare,T1,638,93,0.7956989247311828,0.23431734317343172,Subject: healthcare / medication refill / follow-up
P0111_D02,P0111,legal,T1,576,81,0.7901234567901234,0.30284552845528456,Subject: legal / employment dispute / follow-up
P0111_D03,P0111,financial,T1,539,78,0.7564102564102564,0.27518959913326113,Subject: financial / payment deferral / follow-up
P0111_D04,P0111,hr,T1,603,89,0.7303370786516854,0.4215591915303176,Subject: hr / benefits question / follow-up
P0112_D01,P0112,healthcare,T2,690,98,0.7857142857142857,0.2871883061049011,Subject: healthcare / insurance question / follow-up
P0112_D02,P0112,legal,T2,616,83,0.8433734939759037,0.3153918791312559,Subject: legal / employment dispute / follow-up
P0112_D03,P0112,financial,T2,564,84,0.7619047619047619,0.29838709677419356,Subject: financial / fraud inquiry / follow-up
P0112_D04,P0112,hr,T2,619,87,0.7931034482758621,0.31144465290806755,Subject: hr / schedule change / follow-up
P0113_D01,P0113,healthcare,T3,629,87,0.7931034482758621,0.23641563393708293,Subject: healthcare / appointment scheduling / follow-up
P0113_D02,P0113,legal,T3,604,84,0.8333333333333334,0.325,Subject: legal / employment dispute / follow-up
P0113_D03,P0113,financial,T3,566,82,0.7560975609756098,0.3235908141962422,Subject: financial / account correction / follow-up
P0113_D04,P0113,hr,T3,652,89,0.8426966292134831,0.31135531135531136,Subject: hr / accommodation request / follow-up
P0114_D01,P0114,healthcare,T1,650,90,0.7777777777777778,0.2857142857142857,Subject: healthcare / appointment scheduling / follow-up
P0114_D02,P0114,legal,T1,583,81,0.7530864197530864,0.29979879275653926,Subject: legal / consumer complaint / follow-up
P0114_D03,P0114,financial,T1,554,78,0.782051282051282,0.5138592750533049,Subject: financial / hardship request / follow-up
P0114_D04,P0114,hr,T1,590,84,0.7738095238095238,0.24780487804878049,Subject: hr / schedule change / follow-up
P0115_D01,P0115,healthcare,T2,662,96,0.7604166666666666,0.2949061662198391,Subject: healthcare / insurance question / follow-up
P0115_D02,P0115,legal,T2,592,80,0.8375,0.25169409486931266,Subject: legal / employment dispute / follow-up
P0115_D03,P0115,financial,T2,600,84,0.7976190476190477,0.33858267716535434,Subject: financial / hardship request / follow-up
P0115_D04,P0115,hr,T2,604,86,0.7906976744186046,0.3942857142857143,Subject: hr / benefits question / follow-up
P0116_D01,P0116,healthcare,T3,661,96,0.8333333333333334,0.32936870997255263,Subject: healthcare / insurance question / follow-up
P0116_D02,P0116,legal,T3,608,84,0.8571428571428571,0.28239845261121854,Subject: legal / benefits appeal / follow-up
P0116_D03,P0116,financial,T3,585,86,0.7906976744186046,0.43566362715298884,Subject: financial / fraud inquiry / follow-up
P0116_D04,P0116,hr,T3,582,83,0.8072289156626506,0.28174603174603174,Subject: hr / leave request / follow-up
P0117_D01,P0117,healthcare,T1,624,88,0.7727272727272727,0.2913165266106443,Subject: healthcare / insurance question / follow-up
P0117_D02,P0117,legal,T1,578,80,0.8,0.3411167512690355,Subject: legal / benefits appeal / follow-up
P0117_D03,P0117,financial,T1,555,79,0.7721518987341772,0.3145589798087141,Subject: financial / hardship request / follow-up
P0117_D04,P0117,hr,T1,615,90,0.7666666666666667,0.3139866793529971,Subject: hr / leave request / follow-up
P0118_D01,P0118,healthcare,T2,654,94,0.8085106382978723,0.2439893143365984,Subject: healthcare / symptom follow-up / follow-up
P0118_D02,P0118,legal,T2,589,81,0.7777777777777778,0.29990262901655307,Subject: legal / housing issue / follow-up
P0118_D03,P0118,financial,T2,565,78,0.7692307692307693,0.2502502502502503,Subject: financial / account correction / follow-up
P0118_D04,P0118,hr,T2,621,88,0.7954545454545454,0.3064066852367688,Subject: hr / schedule change / follow-up
P0119_D01,P0119,healthcare,T3,636,92,0.8586956521739131,0.25263157894736843,Subject: healthcare / insurance question / follow-up
P0119_D02,P0119,legal,T3,589,82,0.8292682926829268,0.42281219272369713,Subject: legal / consumer complaint / follow-up
P0119_D03,P0119,financial,T3,554,83,0.7831325301204819,0.3951965065502183,Subject: financial / fraud inquiry / follow-up
P0119_D04,P0119,hr,T3,631,89,0.8202247191011236,0.2528301886792453,Subject: hr / accommodation request / follow-up
